id,team,standing,percentage,season,diff_standing,diff_percentage,min_per,avg_per,DPOY,MIP,SMOY,COY
443,"Atlanta Hawks",13,0.366,2007,1,0.049,3.7,11.71,0,0,0,0
503,"Atlanta Hawks",15,0.159,2005,-3,-0.182,3.1,12.72,0,0,0,0
556,"Atlanta Hawks",11,0.427,2003,1,0.025,2.1,12.16,0,0,0,0
615,"Atlanta Hawks",13,0.305,2001,1,-0.036,6.5,12.87,0,0,0,0
645,"Atlanta Hawks",14,0.341,2000,-10,-0.279,-10.6,9.87,0,0,0,0
664,"Atlanta Hawks",4,0.62,1999,1,0.01,8.8,12.86,0,0,0,0
721,"Atlanta Hawks",4,0.683,1997,2,0.122,0.7,13.14,1,0,0,0
751,"Atlanta Hawks",6,0.561,1996,1,0.049,-9,10.49,0,0,0,0
779,"Atlanta Hawks",7,0.512,1995,-6,-0.183,-6.2,13.27,0,0,0,0
916,"Atlanta Hawks",9,0.5,1990,-5,-0.134,4.9,12.98,0,0,0,0
935,"Atlanta Hawks",4,0.634,1989,0,0.024,-11,13.09,0,0,0,0
958,"Atlanta Hawks",4,0.61,1988,-2,-0.085,1.9,13.11,0,0,0,0
979,"Atlanta Hawks",2,0.695,1987,2,0.085,9.6,15.01,0,0,0,0
1003,"Atlanta Hawks",4,0.61,1986,5,0.195,-49.6,10.19,0,0,0,1
1073,"Atlanta Hawks",6,0.524,1983,0,0.012,6.5,12.25,0,0,0,0
1096,"Atlanta Hawks",6,0.512,1982,2,0.134,6.6,12.41,0,0,0,0
473,"Atlanta Hawks",14,0.317,2006,1,0.158,-0.1,11.85,0,0,0,0
529,"Atlanta Hawks",12,0.341,2004,-1,-0.086,6.2,12.55,0,0,0,0
585,"Atlanta Hawks",12,0.402,2002,1,0.097,-28,9.72,0,0,0,0
694,"Atlanta Hawks",5,0.61,1998,-1,-0.073,4.8,13.86,1,1,0,0
800,"Atlanta Hawks",1,0.695,1994,6,0.171,-6.5,12.01,0,0,0,1
833,"Atlanta Hawks",7,0.524,1993,2,0.061,7.6,13.86,0,0,0,0
862,"Atlanta Hawks",9,0.463,1992,-3,-0.061,-8.8,11.75,0,0,0,0
887,"Atlanta Hawks",6,0.524,1991,3,0.024,7.4,14.91,0,0,0,0
1030,"Atlanta Hawks",9,0.415,1985,-2,-0.073,-5.5,12.91,0,0,0,0
1051,"Atlanta Hawks",7,0.488,1984,-1,-0.036,-1.8,10.73,0,0,0,0
20,"Atlanta Hawks",5,0.569,2021,9,0.27,-11.2,11.87,0,0,0,0
59,"Atlanta Hawks",14,0.299,2020,-2,-0.055,-5.7,12.95,0,0,0,0
87,"Atlanta Hawks",12,0.354,2019,3,0.061,-7.1,10.78,0,0,0,0
120,"Atlanta Hawks",15,0.293,2018,-10,-0.231,1.5,12.99,0,0,0,0
140,"Atlanta Hawks",5,0.524,2017,-1,-0.061,-4.6,11.02,0,0,0,0
169,"Atlanta Hawks",4,0.585,2016,-3,-0.147,-4.3,10.65,0,0,0,0
196,"Atlanta Hawks",1,0.732,2015,7,0.269,4.7,13.14,0,0,0,1
231,"Atlanta Hawks",8,0.463,2014,-2,-0.074,2.9,14.25,0,0,0,0
258,"Atlanta Hawks",6,0.537,2013,-1,-0.069,-1.8,12.07,0,0,0,0
287,"Atlanta Hawks",5,0.606,2012,0,0.069,5.4,12.92,0,0,0,0
317,"Atlanta Hawks",5,0.537,2011,-2,-0.109,3.7,13.29,0,0,0,0
345,"Atlanta Hawks",3,0.646,2010,1,0.073,5.4,12.16,0,0,1,0
375,"Atlanta Hawks",4,0.573,2009,4,0.122,0.9,13.19,0,0,0,0
408,"Atlanta Hawks",8,0.451,2008,5,0.085,1.5,11.89,0,0,0,0
22,"Boston Celtics",7,0.5,2021,-4,-0.167,-11.3,12.84,0,0,0,0
48,"Boston Celtics",3,0.667,2020,1,0.069,-1,13.43,0,0,0,0
79,"Boston Celtics",4,0.598,2019,-2,-0.073,4.3,14.81,0,0,0,0
107,"Boston Celtics",2,0.671,2018,-1,0.025,8.5,18.33,0,0,0,0
136,"Boston Celtics",1,0.646,2017,4,0.061,-4.9,12.09,0,0,0,0
170,"Boston Celtics",5,0.585,2016,2,0.097,9.3,14.79,0,0,0,0
202,"Boston Celtics",7,0.488,2015,5,0.183,3.6,13.82,0,0,0,0
235,"Boston Celtics",12,0.305,2014,-5,-0.201,6.2,15.01,0,0,0,0
259,"Boston Celtics",7,0.506,2013,-3,-0.085,0.5,11.69,0,0,0,0
286,"Boston Celtics",4,0.591,2012,-1,-0.092,-30.2,10.08,0,0,0,0
315,"Boston Celtics",3,0.683,2011,1,0.073,6.7,12.29,0,0,0,0
346,"Boston Celtics",4,0.61,2010,-2,-0.146,2.2,11.85,0,0,0,0
373,"Boston Celtics",2,0.756,2009,-1,-0.049,-26.8,10.55,0,0,0,0
401,"Boston Celtics",1,0.805,2008,14,0.512,4.4,13.72,1,0,0,0
492,"Boston Celtics",3,0.549,2005,5,0.11,3.3,12.04,0,0,0,0
525,"Boston Celtics",8,0.439,2004,-2,-0.098,5.7,13.65,0,0,0,0
551,"Boston Celtics",6,0.537,2003,-3,-0.061,1.5,13.86,0,0,0,0
611,"Boston Celtics",9,0.439,2001,1,0.012,2.8,12.06,0,0,0,0
672,"Boston Celtics",12,0.38,1999,0,-0.059,-1.7,12.86,0,0,0,0
700,"Boston Celtics",12,0.439,1998,3,0.256,0.7,12.2,0,0,0,0
732,"Boston Celtics",15,0.183,1997,-4,-0.219,3.8,12.67,0,0,0,0
855,"Boston Celtics",2,0.622,1992,0,-0.061,-4.7,13.32,0,0,0,0
911,"Boston Celtics",4,0.634,1990,4,0.122,6.3,14.1,0,0,0,0
939,"Boston Celtics",8,0.512,1989,-7,-0.183,4.2,13.91,0,0,0,0
978,"Boston Celtics",1,0.72,1987,0,-0.097,5.5,13.63,0,0,0,0
1045,"Boston Celtics",1,0.756,1984,2,0.073,3.9,12.97,0,0,1,0
1070,"Boston Celtics",3,0.683,1983,-2,-0.085,6.8,13.4,0,0,0,0
1091,"Boston Celtics",1,0.768,1982,0,0.012,1.5,12.87,0,0,0,0
1022,"Boston Celtics",1,0.768,1985,0,0.012,-0.6,13.05,0,0,1,0
1000,"Boston Celtics",1,0.817,1986,0,0.049,-7.1,10.43,0,0,1,0
955,"Boston Celtics",1,0.695,1988,0,-0.025,7,13.72,0,0,0,0
883,"Boston Celtics",2,0.683,1991,2,0.049,-9.3,12.87,0,0,0,0
830,"Boston Celtics",4,0.585,1993,-2,-0.037,9.2,13.83,0,0,0,0
809,"Boston Celtics",10,0.39,1994,-6,-0.195,5.8,13.02,0,0,0,0
780,"Boston Celtics",8,0.427,1995,2,0.037,0,10.42,0,0,0,0
756,"Boston Celtics",11,0.402,1996,-3,-0.025,6.5,11.86,0,0,0,0
641,"Boston Celtics",10,0.427,2000,2,0.047,3.2,11.22,0,0,0,0
576,"Boston Celtics",3,0.598,2002,6,0.159,-3.1,9.35,0,0,0,0
470,"Boston Celtics",11,0.402,2006,-8,-0.147,4.5,12.39,0,0,0,0
445,"Boston Celtics",15,0.293,2007,-4,-0.109,5.1,13.43,0,0,0,0
17,"Brooklyn Nets",2,0.667,2021,5,0.181,-11.3,12.84,0,0,0,0
52,"Brooklyn Nets",7,0.486,2020,-1,-0.026,-1,13.43,0,0,0,0
81,"Brooklyn Nets",6,0.512,2019,6,0.171,4.3,14.81,0,0,0,0
117,"Brooklyn Nets",12,0.341,2018,3,0.097,8.5,18.33,0,0,0,0
150,"Brooklyn Nets",15,0.244,2017,-1,-0.012,-4.9,12.09,0,0,0,0
179,"Brooklyn Nets",14,0.256,2016,-6,-0.207,9.3,14.79,0,0,0,0
203,"Brooklyn Nets",8,0.463,2015,-2,-0.074,3.6,13.82,0,0,0,0
229,"Brooklyn Nets",6,0.537,2014,-2,-0.061,6.2,15.01,0,0,0,0
25,"Charlotte Hornets",10,0.458,2021,0,0.104,-10.7,13.27,0,0,0,0
55,"Charlotte Hornets",10,0.354,2020,-1,-0.122,5.5,13.52,0,0,0,0
84,"Charlotte Hornets",9,0.476,2019,1,0.037,-2.9,11.58,0,0,0,0
115,"Charlotte Hornets",10,0.439,2018,1,0,-6.6,12.29,0,0,0,0
146,"Charlotte Hornets",11,0.439,2017,-5,-0.146,5.8,13.92,0,0,0,0
171,"Charlotte Hornets",6,0.585,2016,5,0.183,-2.2,12.42,0,0,0,0
577,"Charlotte Hornets",4,0.537,2002,2,-0.024,1.5,12.07,0,0,0,0
723,"Charlotte Hornets",6,0.659,1997,3,0.159,5.1,13.03,0,0,0,0
754,"Charlotte Hornets",9,0.5,1996,-5,-0.11,1.5,12.07,0,0,0,0
776,"Charlotte Hornets",4,0.61,1995,5,0.11,5.1,13.03,0,0,0,0
808,"Charlotte Hornets",9,0.5,1994,-4,-0.037,1.5,12.07,0,0,1,0
864,"Charlotte Hornets",11,0.378,1992,1,0.061,1.5,12.07,0,0,0,0
893,"Charlotte Hornets",12,0.317,1991,2,0.085,5.1,13.03,0,0,0,0
608,"Charlotte Hornets",6,0.561,2001,-1,-0.037,5.1,13.03,0,0,0,0
636,"Charlotte Hornets",5,0.598,2000,4,0.078,1.5,12.07,0,0,0,0
669,"Charlotte Hornets",9,0.52,1999,-5,-0.102,5.1,13.03,0,0,0,0
693,"Charlotte Hornets",4,0.622,1998,2,-0.037,1.5,12.07,0,0,0,0
831,"Charlotte Hornets",5,0.537,1993,6,0.159,5.1,13.03,0,0,0,0
907,"Charlotte Hornets",14,0.232,1990,-2,-0.012,1.5,12.07,0,0,0,0
493,"Chicago Bulls",4,0.573,2005,10,0.293,-3,10.56,0,0,1,0
531,"Chicago Bulls",14,0.28,2004,-2,-0.086,0.3,11.5,0,0,0,0
588,"Chicago Bulls",15,0.256,2002,0,0.073,6,12.57,0,0,0,0
617,"Chicago Bulls",15,0.183,2001,0,-0.024,6.6,13.23,0,0,0,0
675,"Chicago Bulls",15,0.26,1999,-14,-0.496,3.6,10.62,0,0,0,0
690,"Chicago Bulls",1,0.756,1998,0,-0.085,5.1,10.57,0,0,0,0
746,"Chicago Bulls",1,0.878,1996,4,0.305,6.5,14.37,0,0,1,1
777,"Chicago Bulls",5,0.573,1995,-2,-0.098,1.8,12.97,0,0,0,0
828,"Chicago Bulls",2,0.695,1993,-1,-0.122,5.8,12.8,0,0,0,0
910,"Chicago Bulls",3,0.671,1990,3,0.098,10,15.22,0,0,0,0
937,"Chicago Bulls",6,0.573,1989,-3,-0.037,-9,11.46,0,0,0,0
957,"Chicago Bulls",3,0.61,1988,5,0.122,0,10.93,1,0,0,0
985,"Chicago Bulls",8,0.488,1987,0,0.122,0,11.44,0,0,0,0
1007,"Chicago Bulls",8,0.366,1986,-1,-0.097,-5.2,10.95,0,0,0,0
1099,"Chicago Bulls",9,0.415,1982,-4,-0.134,1.1,12.52,0,0,0,0
466,"Chicago Bulls",7,0.5,2006,-3,-0.073,8.2,12.76,0,0,0,0
557,"Chicago Bulls",12,0.366,2003,3,0.11,-5.5,11.31,0,0,0,0
646,"Chicago Bulls",15,0.207,2000,0,-0.053,3.3,10.51,0,0,0,0
718,"Chicago Bulls",1,0.841,1997,0,-0.037,5.5,14.23,0,0,0,0
802,"Chicago Bulls",3,0.671,1994,-1,-0.024,7.7,13.63,0,0,0,0
854,"Chicago Bulls",1,0.817,1992,0,0.073,1.9,12.85,0,0,0,0
882,"Chicago Bulls",1,0.744,1991,2,0.073,-13.6,10.79,0,0,0,0
1028,"Chicago Bulls",7,0.463,1985,3,0.134,-2,13.15,0,0,0,0
1054,"Chicago Bulls",10,0.329,1984,-1,-0.012,6.9,12.5,0,0,0,0
1076,"Chicago Bulls",9,0.341,1983,0,-0.074,9.2,12.65,0,0,0,0
26,"Chicago Bulls",11,0.431,2021,0,0.093,5.6,13.6,0,0,0,0
56,"Chicago Bulls",11,0.338,2020,2,0.07,0.4,12.8,0,0,0,0
88,"Chicago Bulls",13,0.268,2019,0,-0.061,8.2,14.62,0,0,0,0
118,"Chicago Bulls",13,0.329,2018,-5,-0.171,0,12.71,0,0,0,0
143,"Chicago Bulls",8,0.5,2017,1,-0.012,-13.5,10.74,0,0,0,0
174,"Chicago Bulls",9,0.512,2016,-6,-0.098,-3.2,12.04,0,0,0,0
198,"Chicago Bulls",3,0.61,2015,1,0.025,6.4,13.05,0,1,0,0
227,"Chicago Bulls",4,0.585,2014,1,0.036,2.1,12.81,1,0,0,0
257,"Chicago Bulls",5,0.549,2013,-4,-0.209,-9.1,8.77,0,0,0,0
283,"Chicago Bulls",1,0.758,2012,0,0.002,0,11.53,0,0,0,0
313,"Chicago Bulls",1,0.756,2011,7,0.256,12.3,15.36,0,0,0,1
350,"Chicago Bulls",8,0.5,2010,-1,0,-0.1,12.73,0,0,0,0
378,"Chicago Bulls",7,0.5,2009,4,0.098,-2.2,10.95,0,0,0,0
411,"Chicago Bulls",11,0.402,2008,-6,-0.196,-3.5,12.62,0,0,0,0
435,"Chicago Bulls",5,0.598,2007,2,0.098,-11.8,10.22,0,0,0,0
28,"Cleveland Cavaliers",13,0.306,2021,2,0.014,-10.3,12.79,0,0,0,0
60,"Cleveland Cavaliers",15,0.292,2020,-1,0.06,1.4,12.64,0,0,0,0
89,"Cleveland Cavaliers",14,0.232,2019,-10,-0.378,-11.4,12.35,0,0,0,0
109,"Cleveland Cavaliers",4,0.61,2018,-2,-0.012,-0.7,11,0,0,0,0
137,"Cleveland Cavaliers",2,0.622,2017,-1,-0.073,0.7,13.4,0,0,0,0
166,"Cleveland Cavaliers",1,0.695,2016,1,0.049,-35.3,10.98,0,0,0,0
197,"Cleveland Cavaliers",2,0.646,2015,8,0.244,3.4,13.06,0,0,0,0
233,"Cleveland Cavaliers",10,0.402,2014,3,0.109,3.8,11.82,0,0,0,0
265,"Cleveland Cavaliers",13,0.293,2013,0,-0.025,-6.5,10.6,0,0,0,0
295,"Cleveland Cavaliers",13,0.318,2012,2,0.086,1.3,12.18,0,0,0,0
327,"Cleveland Cavaliers",15,0.232,2011,-14,-0.512,2.1,11.26,0,0,0,0
343,"Cleveland Cavaliers",1,0.744,2010,0,-0.061,4.8,12.08,0,0,0,0
372,"Cleveland Cavaliers",1,0.805,2009,3,0.256,-38.1,9.59,0,0,0,1
404,"Cleveland Cavaliers",4,0.549,2008,-2,-0.061,-9.3,12.06,0,0,0,0
432,"Cleveland Cavaliers",2,0.61,2007,2,0,-20.8,8.92,0,0,0,0
498,"Cleveland Cavaliers",9,0.512,2005,0,0.085,2,12.5,0,0,0,0
642,"Cleveland Cavaliers",11,0.39,2000,0,-0.05,-54.4,9.16,0,0,0,0
695,"Cleveland Cavaliers",6,0.573,1998,3,0.061,-19.7,10.82,0,0,0,0
749,"Cleveland Cavaliers",4,0.573,1996,2,0.049,8,12.78,0,0,0,0
829,"Cleveland Cavaliers",3,0.659,1993,0,-0.036,-0.9,13.12,0,0,0,0
890,"Cleveland Cavaliers",9,0.402,1991,-2,-0.11,6.3,13.69,0,0,0,0
934,"Cleveland Cavaliers",3,0.695,1989,3,0.183,5.9,13.22,0,0,0,0
463,"Cleveland Cavaliers",4,0.61,2006,5,0.098,-0.5,11.87,0,0,0,0
526,"Cleveland Cavaliers",9,0.427,2004,6,0.22,4.3,12.24,0,0,0,0
560,"Cleveland Cavaliers",15,0.207,2003,-1,-0.147,-3.8,11.07,0,0,0,0
587,"Cleveland Cavaliers",14,0.354,2002,-3,-0.012,5.9,11.81,0,0,0,0
613,"Cleveland Cavaliers",11,0.366,2001,0,-0.024,3.2,12.43,0,0,0,0
671,"Cleveland Cavaliers",11,0.44,1999,-5,-0.133,-0.4,10.76,0,0,0,0
726,"Cleveland Cavaliers",9,0.512,1997,-5,-0.061,2.1,11.31,0,0,0,0
778,"Cleveland Cavaliers",6,0.524,1995,0,-0.049,3.1,12.84,0,0,0,0
805,"Cleveland Cavaliers",6,0.573,1994,-3,-0.086,5.1,14.4,0,0,0,0
856,"Cleveland Cavaliers",3,0.695,1992,6,0.293,9.6,15.55,0,0,0,0
914,"Cleveland Cavaliers",7,0.512,1990,-4,-0.183,-6.8,11.72,0,0,0,0
960,"Cleveland Cavaliers",6,0.512,1988,3,0.134,8.7,14.4,0,0,0,0
986,"Cleveland Cavaliers",9,0.378,1987,0,0.024,-4.6,12.41,0,0,0,0
1008,"Cleveland Cavaliers",9,0.354,1986,-1,-0.085,1.8,11.59,0,0,0,0
1029,"Cleveland Cavaliers",8,0.439,1985,1,0.098,6.7,12.41,0,0,0,0
1053,"Cleveland Cavaliers",9,0.341,1984,1,0.061,-2.6,10.89,0,0,0,0
1077,"Cleveland Cavaliers",10,0.28,1983,1,0.097,0.9,12.74,0,0,0,0
1101,"Cleveland Cavaliers",11,0.183,1982,-2,-0.158,3.9,12.05,0,0,0,0
5,"Dallas Mavericks",5,0.583,2021,2,0.01,-12.3,11.6,0,0,0,0
37,"Dallas Mavericks",7,0.573,2020,7,0.171,4.9,12.83,0,0,0,0
74,"Dallas Mavericks",14,0.402,2019,-1,0.109,1.7,14.31,0,0,0,0
103,"Dallas Mavericks",13,0.293,2018,-2,-0.109,-0.9,11.93,0,0,0,0
131,"Dallas Mavericks",11,0.402,2017,-5,-0.11,-12.5,11.05,0,0,0,0
156,"Dallas Mavericks",6,0.512,2016,1,-0.098,-17.6,10.98,0,0,0,0
187,"Dallas Mavericks",7,0.61,2015,1,0.012,7.2,14.93,0,0,0,0
217,"Dallas Mavericks",8,0.598,2014,2,0.098,-22.5,13.54,0,0,0,0
248,"Dallas Mavericks",10,0.5,2013,-3,-0.045,5.4,14.43,0,0,0,0
274,"Dallas Mavericks",7,0.545,2012,-4,-0.15,-19.4,10.79,0,0,0,0
300,"Dallas Mavericks",3,0.695,2011,-1,0.024,-3.4,12.99,0,0,0,0
329,"Dallas Mavericks",2,0.671,2010,4,0.061,7.8,14.27,0,0,0,0
363,"Dallas Mavericks",6,0.61,2009,1,-0.012,3.2,13.33,0,0,1,0
392,"Dallas Mavericks",7,0.622,2008,-6,-0.195,0.5,12.3,0,0,0,0
416,"Dallas Mavericks",1,0.817,2007,3,0.085,-4.4,11.24,0,0,0,0
478,"Dallas Mavericks",4,0.707,2005,1,0.073,2.3,13.28,0,0,0,0
508,"Dallas Mavericks",5,0.634,2004,-2,-0.098,-12.1,11.56,0,0,1,0
535,"Dallas Mavericks",3,0.732,2003,1,0.037,-8.1,14.36,0,0,0,0
593,"Dallas Mavericks",5,0.646,2001,4,0.158,-11.2,12.23,0,0,0,0
657,"Dallas Mavericks",11,0.38,1999,-1,0.136,-9.2,11.55,0,0,0,0
714,"Dallas Mavericks",11,0.293,1997,2,-0.024,0,11.93,0,0,0,0
745,"Dallas Mavericks",13,0.317,1996,-3,-0.122,3.3,11.62,0,0,0,0
826,"Dallas Mavericks",13,0.134,1993,-1,-0.134,4.1,11.66,0,0,0,0
879,"Dallas Mavericks",12,0.341,1991,-6,-0.232,1,11.68,0,0,0,0
900,"Dallas Mavericks",6,0.573,1990,3,0.11,10.3,16.43,0,0,0,0
1014,"Dallas Mavericks",4,0.537,1985,0,0.013,5.3,14.07,0,0,0,0
449,"Dallas Mavericks",4,0.732,2006,0,0.025,2.9,12.51,0,0,0,1
564,"Dallas Mavericks",4,0.695,2002,1,0.049,-2.4,12.73,0,0,0,0
626,"Dallas Mavericks",9,0.488,2000,2,0.108,-20,10.59,0,0,0,0
685,"Dallas Mavericks",10,0.244,1998,1,-0.049,-8.8,12.69,0,0,0,0
769,"Dallas Mavericks",10,0.439,1995,3,0.28,2.4,12.22,0,0,0,0
799,"Dallas Mavericks",13,0.159,1994,0,0.025,8.1,13.52,0,0,0,0
852,"Dallas Mavericks",12,0.268,1992,0,-0.073,5.7,11.48,0,0,0,0
928,"Dallas Mavericks",9,0.463,1989,-6,-0.183,3,13.65,0,0,0,0
945,"Dallas Mavericks",3,0.646,1988,-1,-0.025,7.2,13.84,0,0,1,0
967,"Dallas Mavericks",2,0.671,1987,2,0.134,4.4,14.3,0,0,0,0
992,"Dallas Mavericks",4,0.537,1986,0,0,7.1,14.89,0,0,0,0
1036,"Dallas Mavericks",4,0.524,1984,4,0.061,-7.4,12.59,0,0,0,0
1063,"Dallas Mavericks",8,0.463,1983,2,0.122,2.6,12.92,0,0,0,0
1088,"Dallas Mavericks",10,0.341,1982,2,0.158,6,13.75,0,0,0,0
481,"Denver Nuggets",7,0.598,2005,1,0.074,-54.4,7.56,0,0,0,0
546,"Denver Nuggets",14,0.207,2003,-2,-0.122,-9,11.65,0,0,0,0
599,"Denver Nuggets",11,0.488,2001,-1,0.061,8,13.9,0,0,0,0
689,"Denver Nuggets",14,0.134,1998,-2,-0.122,-7.6,16.17,0,0,0,0
881,"Denver Nuggets",14,0.244,1991,-7,-0.28,5.4,12.09,0,0,0,0
901,"Denver Nuggets",7,0.524,1990,-1,-0.013,6.4,13.03,0,0,0,0
944,"Denver Nuggets",2,0.659,1988,6,0.208,4.7,13.01,0,0,0,1
991,"Denver Nuggets",3,0.573,1986,-1,-0.061,2.2,12.86,0,0,0,0
1082,"Denver Nuggets",4,0.561,1982,4,0.11,8.9,13.76,0,0,0,0
448,"Denver Nuggets",3,0.537,2006,4,-0.061,3.3,13.12,0,0,0,0
511,"Denver Nuggets",8,0.524,2004,6,0.317,2.5,15,0,0,0,0
572,"Denver Nuggets",12,0.329,2002,-1,-0.159,-5,10.05,0,0,0,0
627,"Denver Nuggets",10,0.427,2000,2,0.147,-21.3,10.6,0,0,0,0
658,"Denver Nuggets",12,0.28,1999,2,0.146,-15.2,11.63,0,0,0,0
715,"Denver Nuggets",12,0.256,1997,-2,-0.171,5.1,12.77,0,0,0,0
742,"Denver Nuggets",10,0.427,1996,-2,-0.073,-5.1,11.28,0,0,0,0
767,"Denver Nuggets",8,0.5,1995,0,-0.012,-11.2,11.01,1,0,0,0
794,"Denver Nuggets",8,0.512,1994,1,0.073,4.4,13.94,0,0,0,0
822,"Denver Nuggets",9,0.439,1993,2,0.146,-3.7,10.3,0,1,0,0
851,"Denver Nuggets",11,0.293,1992,3,0.049,7.7,12.2,0,0,0,0
925,"Denver Nuggets",6,0.537,1989,-4,-0.122,8.3,13.92,0,0,0,0
973,"Denver Nuggets",8,0.451,1987,-5,-0.122,-24.7,11.43,0,0,0,0
1012,"Denver Nuggets",2,0.634,1985,5,0.171,8.7,13.98,0,0,0,0
1039,"Denver Nuggets",7,0.463,1984,-1,-0.086,9.8,14.79,0,0,0,0
1061,"Denver Nuggets",6,0.549,1983,-2,-0.012,3.6,12.93,0,0,0,0
3,"Denver Nuggets",3,0.653,2021,0,0.023,3.7,12.9,0,0,0,0
33,"Denver Nuggets",3,0.63,2020,-1,-0.029,-10.2,11.55,0,0,0,0
62,"Denver Nuggets",2,0.659,2019,7,0.098,5.3,13.74,0,0,0,0
99,"Denver Nuggets",9,0.561,2018,0,0.073,2.3,12.74,0,0,0,0
129,"Denver Nuggets",9,0.488,2017,2,0.086,0,13.8,0,0,0,0
161,"Denver Nuggets",11,0.402,2016,1,0.036,3.1,15.23,0,0,0,0
192,"Denver Nuggets",12,0.366,2015,-1,-0.073,0.9,12.27,0,0,0,0
220,"Denver Nuggets",11,0.439,2014,-8,-0.256,4.9,12.82,0,0,0,0
241,"Denver Nuggets",3,0.695,2013,3,0.119,8.6,13.61,0,0,0,1
273,"Denver Nuggets",6,0.576,2012,-1,-0.034,5.9,15.27,0,0,0,0
302,"Denver Nuggets",5,0.61,2011,-1,-0.036,9,16.31,0,0,0,0
331,"Denver Nuggets",4,0.646,2010,-2,-0.013,5.4,14.73,0,0,0,0
359,"Denver Nuggets",2,0.659,2009,6,0.049,5.9,13.61,0,0,0,0
393,"Denver Nuggets",8,0.61,2008,-2,0.061,-3.9,11.99,0,0,0,0
421,"Denver Nuggets",6,0.549,2007,-3,0.012,-1.6,11.34,1,0,0,0
30,"Detroit Pistons",15,0.278,2021,-2,-0.025,-22.2,9.67,0,0,0,0
58,"Detroit Pistons",13,0.303,2020,-5,-0.197,5.3,13.06,0,0,0,0
83,"Detroit Pistons",8,0.5,2019,1,0.024,0.8,11.77,0,0,0,0
114,"Detroit Pistons",9,0.476,2018,1,0.025,-10,11.22,0,0,0,0
145,"Detroit Pistons",10,0.451,2017,-2,-0.086,-15.5,11.35,0,0,0,0
173,"Detroit Pistons",8,0.537,2016,4,0.147,-2.1,13.06,0,0,0,0
206,"Detroit Pistons",12,0.39,2015,-1,0.036,6.9,13.17,0,0,0,0
234,"Detroit Pistons",11,0.354,2014,0,0,1.6,13.04,0,0,0,0
263,"Detroit Pistons",11,0.354,2013,-1,-0.025,5.3,13.11,0,0,0,0
292,"Detroit Pistons",10,0.379,2012,1,0.013,7.9,13.66,0,0,0,0
323,"Detroit Pistons",11,0.366,2011,1,0.037,6.9,12.84,0,0,0,0
354,"Detroit Pistons",12,0.329,2010,-4,-0.147,4.4,14.06,0,0,0,0
379,"Detroit Pistons",8,0.476,2009,-6,-0.244,7.5,13.04,0,0,0,0
402,"Detroit Pistons",2,0.72,2008,-1,0.074,4.8,14.06,0,0,0,0
431,"Detroit Pistons",1,0.646,2007,0,-0.134,0,13.47,0,0,0,0
460,"Detroit Pistons",1,0.78,2006,1,0.121,4.5,14.6,1,0,0,0
491,"Detroit Pistons",2,0.659,2005,1,0,-2.4,13.19,1,0,0,0
547,"Detroit Pistons",1,0.61,2003,1,0,-7.7,11.79,1,0,0,0
612,"Detroit Pistons",10,0.39,2001,-3,-0.122,6.2,14.23,0,0,0,0
638,"Detroit Pistons",7,0.512,2000,-2,-0.068,4.7,12.17,0,0,0,0
665,"Detroit Pistons",5,0.58,1999,6,0.129,-1.5,10.77,0,0,0,0
722,"Detroit Pistons",5,0.659,1997,2,0.098,7.8,13.22,0,0,0,0
752,"Detroit Pistons",7,0.561,1996,5,0.22,2.4,13.31,0,0,0,0
836,"Detroit Pistons",10,0.488,1993,-5,-0.097,6.6,13.16,0,0,0,0
908,"Detroit Pistons",1,0.72,1990,0,-0.048,5.9,13.29,1,0,0,0
932,"Detroit Pistons",1,0.768,1989,1,0.109,-17,11.24,0,0,0,0
980,"Detroit Pistons",3,0.634,1987,2,0.073,-5.7,9.96,0,0,0,0
1004,"Detroit Pistons",5,0.561,1986,-1,0,-20.3,14.09,0,0,0,0
1048,"Detroit Pistons",4,0.598,1984,4,0.147,-10.9,9.83,0,0,0,0
1097,"Detroit Pistons",7,0.476,1982,4,0.22,-0.8,11.34,0,0,0,0
520,"Detroit Pistons",3,0.659,2004,-2,0.049,1.2,11,0,0,0,0
575,"Detroit Pistons",2,0.61,2002,8,0.22,-17.3,11.93,1,0,1,1
699,"Detroit Pistons",11,0.451,1998,-6,-0.208,-0.4,14.76,0,0,0,0
784,"Detroit Pistons",12,0.341,1995,2,0.097,7.2,12.2,0,0,0,0
813,"Detroit Pistons",14,0.244,1994,-4,-0.244,3,12.24,0,0,0,0
858,"Detroit Pistons",5,0.585,1992,-2,-0.025,0.1,12.13,0,0,0,0
884,"Detroit Pistons",3,0.61,1991,-2,-0.11,6.1,12.34,1,0,0,0
956,"Detroit Pistons",2,0.659,1988,1,0.025,7.7,13.84,0,0,0,0
1025,"Detroit Pistons",4,0.561,1985,0,-0.037,-31.9,9.75,0,0,0,0
1075,"Detroit Pistons",8,0.451,1983,-1,-0.025,5.6,12.84,0,0,0,0
486,"Golden State Warriors",12,0.415,2005,-1,-0.036,6,12.51,0,0,0,0
514,"Golden State Warriors",11,0.451,2004,0,-0.012,3.1,12.82,0,0,0,0
543,"Golden State Warriors",11,0.463,2003,3,0.207,-7.8,10.88,0,1,0,0
602,"Golden State Warriors",14,0.207,2001,-1,-0.025,2,12.61,0,0,0,0
713,"Golden State Warriors",10,0.366,1997,-1,-0.073,2.9,11.12,0,0,0,0
741,"Golden State Warriors",9,0.439,1996,2,0.122,-7.2,10.97,0,0,0,0
823,"Golden State Warriors",10,0.415,1993,-7,-0.256,1.5,13.09,0,0,0,0
843,"Golden State Warriors",3,0.671,1992,4,0.134,2.9,12.87,0,0,0,1
874,"Golden State Warriors",7,0.537,1991,3,0.086,0,12.78,0,0,0,0
904,"Golden State Warriors",10,0.451,1990,-3,-0.073,0.7,11.55,0,0,0,0
970,"Golden State Warriors",5,0.512,1987,7,0.146,4.5,12.46,0,0,0,0
999,"Golden State Warriors",12,0.366,1986,0,0.098,5.4,12.61,0,0,0,0
1021,"Golden State Warriors",12,0.268,1985,-3,-0.183,-31.1,10.34,0,0,0,0
1041,"Golden State Warriors",9,0.451,1984,0,0.085,7.4,12.88,0,0,0,0
457,"Golden State Warriors",13,0.415,2006,-1,0,-3.7,13.5,0,0,0,0
573,"Golden State Warriors",14,0.256,2002,0,0.049,-9,12.22,0,0,0,0
630,"Golden State Warriors",13,0.232,2000,-3,-0.188,-3.7,10.76,0,0,0,0
656,"Golden State Warriors",10,0.42,1999,2,0.188,3,11.87,0,0,0,0
687,"Golden State Warriors",12,0.232,1998,-2,-0.134,-2.3,12.32,0,0,0,0
770,"Golden State Warriors",11,0.317,1995,-5,-0.293,1.2,13.14,0,0,0,0
792,"Golden State Warriors",6,0.61,1994,4,0.195,6.1,13.42,0,0,0,0
926,"Golden State Warriors",7,0.524,1989,4,0.28,2.5,11.24,0,0,0,0
953,"Golden State Warriors",11,0.244,1988,-6,-0.268,2.5,13.68,0,0,0,0
1064,"Golden State Warriors",9,0.366,1983,-2,-0.183,5.3,12.66,0,0,0,0
1085,"Golden State Warriors",7,0.549,1982,0,0.073,4.2,12.41,0,0,0,0
9,"Golden State Warriors",9,0.542,2021,6,0.311,4.4,13.7,0,0,0,0
45,"Golden State Warriors",15,0.231,2020,-14,-0.464,5.6,13.36,0,0,0,0
61,"Golden State Warriors",1,0.695,2019,1,-0.012,3.7,12.52,0,0,0,0
92,"Golden State Warriors",2,0.707,2018,-1,-0.11,3.5,15.05,0,0,0,0
121,"Golden State Warriors",1,0.817,2017,0,-0.073,-28.5,13.3,1,0,0,0
151,"Golden State Warriors",1,0.89,2016,0,0.073,5.3,14.59,0,0,0,1
181,"Golden State Warriors",1,0.817,2015,5,0.195,10.1,15.66,0,0,0,0
215,"Golden State Warriors",6,0.622,2014,0,0.049,0.8,15.46,0,0,0,0
244,"Golden State Warriors",6,0.573,2013,7,0.225,-5.1,11.84,0,0,0,0
280,"Golden State Warriors",13,0.348,2012,-1,-0.091,6.1,11.93,0,0,0,0
309,"Golden State Warriors",12,0.439,2011,1,0.122,4.7,13.15,0,0,0,0
340,"Golden State Warriors",13,0.317,2010,-3,-0.037,4.7,13.06,0,0,0,0
367,"Golden State Warriors",10,0.354,2009,-1,-0.231,7.1,14.43,0,0,0,0
394,"Golden State Warriors",9,0.585,2008,-1,0.073,3.7,13.54,0,0,0,0
423,"Golden State Warriors",8,0.512,2007,5,0.097,5.2,13.18,0,1,0,0
24,"Indiana Pacers",9,0.472,2021,-5,-0.144,-45.2,13.53,0,0,0,0
49,"Indiana Pacers",4,0.616,2020,1,0.031,1,13.25,0,0,0,0
80,"Indiana Pacers",5,0.585,2019,0,0,0.1,12.96,0,0,0,0
110,"Indiana Pacers",5,0.585,2018,2,0.073,-6,12.44,0,1,0,0
142,"Indiana Pacers",7,0.512,2017,0,-0.037,-2.3,14.02,0,0,0,0
172,"Indiana Pacers",7,0.549,2016,2,0.086,0.1,12.76,0,0,0,0
204,"Indiana Pacers",9,0.463,2015,-8,-0.22,7.4,14.56,0,0,0,0
224,"Indiana Pacers",1,0.683,2014,2,0.078,7.4,14.33,0,0,0,0
256,"Indiana Pacers",3,0.605,2013,0,-0.031,6.1,13.25,0,1,0,0
285,"Indiana Pacers",3,0.636,2012,5,0.185,-6,11.05,0,0,0,0
320,"Indiana Pacers",8,0.451,2011,2,0.061,7,14.95,0,0,0,0
352,"Indiana Pacers",10,0.39,2010,-1,-0.049,5.5,12.67,0,0,0,0
380,"Indiana Pacers",9,0.439,2009,0,0,7.9,12.94,0,1,0,0
409,"Indiana Pacers",9,0.439,2008,0,0.012,8.5,13.98,0,0,0,0
439,"Indiana Pacers",9,0.427,2007,-3,-0.073,1.1,13.21,0,0,0,0
495,"Indiana Pacers",6,0.537,2005,-5,-0.207,-6.2,13.79,0,0,0,0
581,"Indiana Pacers",8,0.512,2002,0,0.012,5.5,13.91,0,1,0,0
632,"Indiana Pacers",1,0.683,2000,1,0.023,-10.6,10.79,0,1,0,0
692,"Indiana Pacers",3,0.707,1998,7,0.231,-8.5,12.51,0,0,0,1
748,"Indiana Pacers",3,0.634,1996,-1,0,-1.5,12.07,0,0,0,0
860,"Indiana Pacers",7,0.488,1992,0,-0.012,5,14.35,0,0,1,0
888,"Indiana Pacers",7,0.5,1991,1,-0.012,5.4,12.79,0,0,1,0
915,"Indiana Pacers",8,0.512,1990,2,0.171,7.4,12.93,0,0,0,0
963,"Indiana Pacers",9,0.463,1988,-2,-0.037,-14.9,11.06,0,0,0,0
984,"Indiana Pacers",7,0.5,1987,3,0.183,8.2,13.08,0,0,0,0
1009,"Indiana Pacers",10,0.317,1986,1,0.049,5.2,11.99,0,0,0,0
1032,"Indiana Pacers",11,0.268,1985,0,-0.049,8.3,12.81,0,0,0,0
1055,"Indiana Pacers",11,0.317,1984,0,0.073,3.3,11.69,0,0,0,0
1078,"Indiana Pacers",11,0.244,1983,-3,-0.183,-2,11.99,0,0,0,0
1098,"Indiana Pacers",8,0.427,1982,-2,-0.11,8.2,13.77,0,0,0,0
465,"Indiana Pacers",6,0.5,2006,0,-0.037,-1.3,11.52,0,0,0,0
518,"Indiana Pacers",1,0.744,2004,2,0.159,0.4,12.08,1,0,0,0
549,"Indiana Pacers",3,0.585,2003,5,0.073,4.9,13.13,0,0,0,0
610,"Indiana Pacers",8,0.5,2001,-7,-0.183,-10.2,12.08,0,0,0,0
662,"Indiana Pacers",2,0.66,1999,1,-0.047,7.6,15.42,0,0,0,0
727,"Indiana Pacers",10,0.476,1997,-7,-0.158,-10.3,11.41,0,0,0,0
774,"Indiana Pacers",2,0.634,1995,3,0.061,10.2,13.9,0,0,0,0
804,"Indiana Pacers",5,0.573,1994,3,0.073,-2.6,12.48,0,0,0,0
834,"Indiana Pacers",8,0.5,1993,-1,0.012,5.2,13.33,0,0,0,0
941,"Indiana Pacers",10,0.341,1989,-1,-0.122,4.6,12.29,0,0,0,0
517,"Los Angeles Clippers",14,0.341,2004,-1,0.012,-4.3,10.53,0,0,0,0
545,"Los Angeles Clippers",13,0.329,2003,-4,-0.147,-9.2,11.81,0,0,0,0
600,"Los Angeles Clippers",12,0.378,2001,2,0.195,4.8,12.35,0,0,0,0
711,"Los Angeles Clippers",8,0.439,1997,3,0.085,7.8,13.46,0,0,0,0
743,"Los Angeles Clippers",11,0.354,1996,2,0.147,6.1,13.41,0,0,0,0
772,"Los Angeles Clippers",13,0.207,1995,-2,-0.122,1.8,12.66,0,0,0,0
797,"Los Angeles Clippers",11,0.329,1994,-4,-0.171,3.3,12.29,0,0,0,0
820,"Los Angeles Clippers",7,0.5,1993,0,-0.049,6.9,13.17,0,0,0,0
847,"Los Angeles Clippers",7,0.549,1992,3,0.171,-32.3,9.66,0,0,0,0
877,"Los Angeles Clippers",10,0.378,1991,1,0.012,4,11.56,0,0,0,0
931,"Los Angeles Clippers",12,0.256,1989,0,0.049,-4.8,10.82,0,0,0,0
977,"Los Angeles Clippers",12,0.146,1987,-2,-0.244,2.9,11.48,0,0,0,0
451,"Los Angeles Clippers",6,0.573,2006,4,0.122,-40.7,7.76,0,0,0,0
484,"Los Angeles Clippers",10,0.451,2005,4,0.11,-5.5,11.31,0,0,0,0
569,"Los Angeles Clippers",9,0.476,2002,3,0.098,7.7,13.35,0,0,0,0
631,"Los Angeles Clippers",14,0.183,2000,-1,0.003,5.7,13.05,0,0,0,0
659,"Los Angeles Clippers",13,0.18,1999,0,-0.027,-25.5,9.88,0,0,0,0
688,"Los Angeles Clippers",13,0.207,1998,-5,-0.232,7.1,13.26,0,0,0,0
905,"Los Angeles Clippers",11,0.366,1990,1,0.11,2.1,11.54,0,0,0,0
954,"Los Angeles Clippers",12,0.207,1988,0,0.061,-30.2,9.46,0,0,0,0
997,"Los Angeles Clippers",10,0.39,1986,1,0.012,-11.4,10.64,0,0,0,0
4,"Los Angeles Clippers",4,0.653,2021,-2,-0.028,8.3,15.58,0,0,0,0
32,"Los Angeles Clippers",2,0.681,2020,6,0.096,1.4,13.8,0,0,0,0
68,"Los Angeles Clippers",8,0.585,2019,2,0.073,4.8,14.09,0,0,0,0
100,"Los Angeles Clippers",10,0.512,2018,-6,-0.11,4.3,12.5,0,0,0,0
124,"Los Angeles Clippers",4,0.622,2017,0,-0.024,7.2,14.86,0,0,0,0
154,"Los Angeles Clippers",4,0.646,2016,-1,-0.037,-1.2,13.48,0,0,0,0
183,"Los Angeles Clippers",3,0.683,2015,0,-0.012,7.1,13.43,0,0,0,0
212,"Los Angeles Clippers",3,0.695,2014,1,0.012,1.9,12.08,0,0,0,0
242,"Los Angeles Clippers",4,0.683,2013,1,0.077,0.1,11.85,0,0,0,0
272,"Los Angeles Clippers",5,0.606,2012,8,0.216,4.3,14.35,0,0,0,0
310,"Los Angeles Clippers",13,0.39,2011,-1,0.036,0,12.06,0,0,0,0
339,"Los Angeles Clippers",12,0.354,2010,2,0.122,1.8,12.33,0,0,0,0
370,"Los Angeles Clippers",14,0.232,2009,-2,-0.048,4.8,11.77,0,0,0,0
397,"Los Angeles Clippers",12,0.28,2008,-3,-0.208,6.1,11.87,0,0,0,0
424,"Los Angeles Clippers",9,0.488,2007,-3,-0.085,5.5,12.15,0,0,0,0
7,"Los Angeles Lakers",7,0.583,2021,-6,-0.149,-8.7,11.84,0,0,0,0
31,"Los Angeles Lakers",1,0.732,2020,9,0.281,0,13.35,0,0,0,0
70,"Los Angeles Lakers",10,0.451,2019,1,0.024,-5.6,12.9,0,0,0,0
101,"Los Angeles Lakers",11,0.427,2018,3,0.11,-11.9,12.46,0,0,0,0
134,"Los Angeles Lakers",14,0.317,2017,1,0.11,-3.2,11.32,0,0,0,0
165,"Los Angeles Lakers",15,0.207,2016,-1,-0.049,6.5,13.51,0,0,0,0
194,"Los Angeles Lakers",14,0.256,2015,0,-0.073,4.9,12.11,0,0,0,0
222,"Los Angeles Lakers",14,0.329,2014,-7,-0.22,-7.5,11.73,0,0,0,0
245,"Los Angeles Lakers",7,0.549,2013,-4,-0.072,7.6,13.41,0,0,0,0
270,"Los Angeles Lakers",3,0.621,2012,-1,-0.074,-6.7,10.6,0,0,0,0
299,"Los Angeles Lakers",2,0.695,2011,-1,0,4.5,12.79,0,0,1,0
328,"Los Angeles Lakers",1,0.695,2010,0,-0.098,2.1,12.76,0,0,0,0
358,"Los Angeles Lakers",1,0.793,2009,0,0.098,6.7,13.37,0,0,0,0
387,"Los Angeles Lakers",1,0.695,2008,6,0.183,-8.6,12.46,0,0,0,0
422,"Los Angeles Lakers",7,0.512,2007,0,-0.037,1.2,14.15,0,0,0,0
505,"Los Angeles Lakers",2,0.683,2004,3,0.073,1.3,12.41,0,0,0,0
563,"Los Angeles Lakers",3,0.707,2002,-1,0.024,5.2,12.56,0,0,0,0
590,"Los Angeles Lakers",2,0.683,2001,-1,-0.134,5,15.05,0,0,0,0
651,"Los Angeles Lakers",5,0.62,1999,-2,-0.124,2.7,13.03,0,0,0,0
707,"Los Angeles Lakers",4,0.683,1997,0,0.037,4.9,15.77,0,0,0,0
736,"Los Angeles Lakers",4,0.646,1996,1,0.061,4.2,14.21,0,0,0,0
966,"Los Angeles Lakers",1,0.793,1987,0,0.037,-0.8,13.35,1,0,0,0
989,"Los Angeles Lakers",1,0.756,1986,0,0,5,14.82,0,0,0,0
1033,"Los Angeles Lakers",1,0.659,1984,0,-0.048,-11,12.61,0,0,0,0
1056,"Los Angeles Lakers",1,0.707,1983,0,0.012,4.9,13.38,0,0,0,0
452,"Los Angeles Lakers",7,0.549,2006,4,0.134,7.5,13.7,0,0,0,0
485,"Los Angeles Lakers",11,0.415,2005,-9,-0.268,-1.6,10.94,0,0,0,0
537,"Los Angeles Lakers",5,0.61,2003,-2,-0.097,1.6,12.79,0,0,0,0
618,"Los Angeles Lakers",1,0.817,2000,4,0.197,6.2,13.97,0,0,0,0
678,"Los Angeles Lakers",3,0.744,1998,1,0.061,8,14.09,0,0,0,0
764,"Los Angeles Lakers",5,0.585,1995,4,0.183,0.7,14.01,0,0,0,1
795,"Los Angeles Lakers",9,0.402,1994,-1,-0.074,5,13.72,0,0,0,0
821,"Los Angeles Lakers",8,0.476,1993,0,-0.048,8,13.79,0,0,0,0
848,"Los Angeles Lakers",8,0.524,1992,-5,-0.183,7.6,13.56,0,0,0,0
870,"Los Angeles Lakers",3,0.707,1991,-2,-0.061,1.8,12.35,0,0,0,0
895,"Los Angeles Lakers",1,0.768,1990,0,0.073,-0.4,12.98,0,0,0,1
920,"Los Angeles Lakers",1,0.695,1989,0,-0.061,0,12.5,0,0,0,0
943,"Los Angeles Lakers",1,0.756,1988,0,-0.037,6.8,14.39,0,0,0,0
1011,"Los Angeles Lakers",1,0.756,1985,0,0.097,5.4,15.41,0,0,0,0
1079,"Los Angeles Lakers",1,0.695,1982,2,0.036,-7.3,11.68,0,0,0,0
450,"Memphis Grizzlies",5,0.598,2006,3,0.049,0.9,12.63,0,0,1,0
482,"Memphis Grizzlies",8,0.549,2005,-2,-0.061,3.8,12.79,0,0,0,0
509,"Memphis Grizzlies",6,0.61,2004,6,0.269,0.9,13.25,0,0,0,1
544,"Memphis Grizzlies",12,0.341,2003,1,0.061,-4.5,11.42,0,0,0,1
8,"Memphis Grizzlies",8,0.528,2021,1,0.062,-7.1,11.96,0,0,0,0
39,"Memphis Grizzlies",9,0.466,2020,3,0.064,-0.5,13.34,0,0,0,0
72,"Memphis Grizzlies",12,0.402,2019,2,0.134,-0.1,13.54,0,0,0,0
104,"Memphis Grizzlies",14,0.268,2018,-7,-0.256,3.3,12.19,0,0,0,0
127,"Memphis Grizzlies",7,0.524,2017,0,0.012,0.9,13.86,0,0,0,0
157,"Memphis Grizzlies",7,0.512,2016,-2,-0.159,6.2,12.17,0,0,0,0
185,"Memphis Grizzlies",5,0.671,2015,2,0.061,3.3,14.04,0,0,0,0
216,"Memphis Grizzlies",7,0.61,2014,-2,-0.073,-0.7,14.83,0,0,0,0
243,"Memphis Grizzlies",5,0.683,2013,-1,0.062,0,13.18,1,0,0,0
271,"Memphis Grizzlies",4,0.621,2012,4,0.06,-7.7,11.71,0,0,0,0
305,"Memphis Grizzlies",8,0.561,2011,2,0.073,-14.7,10.66,0,0,0,0
337,"Memphis Grizzlies",10,0.488,2010,2,0.195,0.4,13.02,0,0,0,0
369,"Memphis Grizzlies",12,0.293,2009,2,0.025,5.9,14.08,0,0,0,0
399,"Memphis Grizzlies",14,0.268,2008,1,0,-6.3,11.99,0,0,0,0
430,"Memphis Grizzlies",15,0.268,2007,-10,-0.33,-18.1,10.76,0,0,0,0
21,"Miami Heat",6,0.556,2021,-1,-0.047,4.7,13.14,0,0,0,0
50,"Miami Heat",5,0.603,2020,5,0.127,4.6,14.69,0,0,0,0
85,"Miami Heat",10,0.476,2019,-4,-0.061,-3.1,11.76,0,0,0,0
111,"Miami Heat",6,0.537,2018,3,0.037,3.6,12.27,0,0,0,0
144,"Miami Heat",9,0.5,2017,-6,-0.085,-0.7,11.48,0,0,0,0
168,"Miami Heat",3,0.585,2016,7,0.134,7.5,12.8,0,0,0,0
205,"Miami Heat",10,0.451,2015,-8,-0.208,2.4,15.33,0,0,0,0
225,"Miami Heat",2,0.659,2014,-1,-0.146,-5,11.83,0,0,0,0
254,"Miami Heat",1,0.805,2013,1,0.108,8,20.43,0,0,0,0
284,"Miami Heat",2,0.697,2012,0,-0.01,-4.1,12.84,0,0,0,0
314,"Miami Heat",2,0.707,2011,3,0.134,1.8,11.71,0,0,0,0
347,"Miami Heat",5,0.573,2010,0,0.049,-6.4,11.59,0,0,0,0
376,"Miami Heat",5,0.524,2009,10,0.341,-3.7,11.45,0,0,0,0
415,"Miami Heat",15,0.183,2008,-11,-0.354,3.7,11.74,0,0,0,0
434,"Miami Heat",4,0.537,2007,-2,-0.097,5.5,12.02,0,0,0,0
521,"Miami Heat",4,0.512,2004,9,0.207,5.2,13.5,0,0,0,0
584,"Miami Heat",11,0.439,2002,-8,-0.171,3.8,11.49,0,0,0,0
605,"Miami Heat",3,0.61,2001,-1,-0.024,-9.7,10.5,0,0,0,0
633,"Miami Heat",2,0.634,2000,-1,-0.026,-1.9,13.15,1,0,0,0
719,"Miami Heat",2,0.744,1997,6,0.232,-0.5,13.43,0,1,0,1
807,"Miami Heat",8,0.512,1994,3,0.073,6.5,13.55,0,0,0,0
837,"Miami Heat",11,0.439,1993,-3,-0.024,-3.4,11.6,0,0,0,0
861,"Miami Heat",8,0.463,1992,5,0.17,9.3,13.54,0,0,0,0
894,"Miami Heat",13,0.293,1991,-2,0.073,8.7,14.11,0,0,0,0
461,"Miami Heat",2,0.634,2006,-1,-0.086,6.3,13.23,0,0,0,0
490,"Miami Heat",1,0.72,2005,3,0.208,-2.8,11.68,0,0,0,0
558,"Miami Heat",13,0.305,2003,-2,-0.134,-7.2,10.62,0,0,0,0
661,"Miami Heat",1,0.66,1999,1,-0.011,6.6,13.33,1,0,0,0
691,"Miami Heat",2,0.671,1998,0,-0.073,-3.3,10.47,0,0,0,0
753,"Miami Heat",8,0.512,1996,2,0.122,-4.1,12.83,0,0,0,0
782,"Miami Heat",10,0.39,1995,-2,-0.122,1.6,11.81,0,0,0,0
918,"Miami Heat",11,0.22,1990,2,0.037,7.4,12.16,0,1,0,0
444,"Milwaukee Bucks",14,0.341,2007,-6,-0.147,8.7,12.93,0,0,0,0
467,"Milwaukee Bucks",8,0.488,2006,5,0.122,-20.7,10.58,0,0,0,0
502,"Milwaukee Bucks",13,0.366,2005,-7,-0.134,3.1,12.15,0,0,0,0
523,"Milwaukee Bucks",6,0.5,2004,1,-0.012,1.9,12.73,0,0,0,0
552,"Milwaukee Bucks",7,0.512,2003,2,0.012,3.4,13.95,0,0,0,0
582,"Milwaukee Bucks",9,0.5,2002,-7,-0.134,7.9,14.09,0,0,0,0
758,"Milwaukee Bucks",13,0.305,1996,-4,-0.11,-19.9,9.48,0,0,0,0
781,"Milwaukee Bucks",9,0.415,1995,4,0.171,-2.7,11.29,0,0,0,0
812,"Milwaukee Bucks",13,0.244,1994,-1,-0.097,2,12.15,0,0,0,0
865,"Milwaukee Bucks",12,0.378,1992,-8,-0.207,9.2,14.51,0,0,0,0
885,"Milwaukee Bucks",4,0.585,1991,2,0.048,6.9,13.99,0,0,0,0
959,"Milwaukee Bucks",5,0.512,1988,-1,-0.098,3.6,13.34,0,0,0,0
1001,"Milwaukee Bucks",2,0.695,1986,0,-0.025,-2.4,12.18,0,0,0,0
1069,"Milwaukee Bucks",2,0.622,1983,0,-0.049,6.7,14.12,1,0,0,1
1092,"Milwaukee Bucks",2,0.671,1982,0,-0.061,6.7,13.22,0,0,0,0
838,"Milwaukee Bucks",12,0.341,1993,0,-0.037,2,11.99,0,0,0,0
604,"Milwaukee Bucks",2,0.634,2001,6,0.122,4.8,13.12,0,0,0,0
639,"Milwaukee Bucks",8,0.512,2000,-1,-0.048,1.7,12.45,0,0,0,0
667,"Milwaukee Bucks",7,0.56,1999,6,0.121,4.3,13.54,0,0,0,0
701,"Milwaukee Bucks",13,0.439,1998,-2,0.037,-1.8,14.46,0,0,0,0
728,"Milwaukee Bucks",11,0.402,1997,2,0.097,5.4,12.29,0,0,0,0
913,"Milwaukee Bucks",6,0.537,1990,-1,-0.061,6.2,15.88,0,0,1,0
936,"Milwaukee Bucks",5,0.598,1989,0,0.086,-1.7,11.1,0,0,0,0
981,"Milwaukee Bucks",4,0.61,1987,-2,-0.085,-4,9.79,0,0,1,0
1023,"Milwaukee Bucks",2,0.72,1985,0,0.11,2,13.11,0,0,0,1
1046,"Milwaukee Bucks",2,0.61,1984,0,-0.012,-7.7,10.86,1,0,0,0
18,"Milwaukee Bucks",3,0.639,2021,-2,-0.128,-12.9,10.76,0,0,0,0
46,"Milwaukee Bucks",1,0.767,2020,0,0.035,-6.5,12.54,1,0,0,0
76,"Milwaukee Bucks",1,0.732,2019,6,0.195,8.1,13.98,0,0,0,1
112,"Milwaukee Bucks",7,0.537,2018,-1,0.025,1.7,14,0,0,0,0
141,"Milwaukee Bucks",6,0.512,2017,6,0.11,-2.1,12.81,0,1,0,0
177,"Milwaukee Bucks",12,0.402,2016,-6,-0.098,-9.9,11.16,0,0,0,0
201,"Milwaukee Bucks",6,0.5,2015,9,0.317,4.2,11.56,0,0,0,0
238,"Milwaukee Bucks",15,0.183,2014,-7,-0.28,3.8,12.81,0,0,0,0
260,"Milwaukee Bucks",8,0.463,2013,1,-0.007,7.6,14.68,0,0,0,0
291,"Milwaukee Bucks",9,0.47,2012,0,0.043,3,12.84,0,0,0,0
321,"Milwaukee Bucks",9,0.427,2011,-3,-0.134,-3.3,13.15,0,0,0,0
348,"Milwaukee Bucks",6,0.561,2010,6,0.146,0,12.16,0,0,0,0
383,"Milwaukee Bucks",12,0.415,2009,1,0.098,-6.3,11.16,0,0,0,0
413,"Milwaukee Bucks",13,0.317,2008,1,-0.024,6.2,13.09,0,0,0,0
13,"Minnesota Timberwolves",13,0.319,2021,1,0.022,3.8,13.52,0,0,0,0
44,"Minnesota Timberwolves",14,0.297,2020,-3,-0.142,-12.4,12.02,0,0,0,0
71,"Minnesota Timberwolves",11,0.439,2019,-3,-0.134,-9.6,12.61,0,0,0,0
98,"Minnesota Timberwolves",8,0.573,2018,5,0.195,0.7,13.61,0,0,0,0
133,"Minnesota Timberwolves",13,0.378,2017,0,0.024,6,15.79,0,0,0,0
163,"Minnesota Timberwolves",13,0.354,2016,2,0.159,5.5,12.39,0,0,0,0
195,"Minnesota Timberwolves",15,0.195,2015,-5,-0.293,5.5,12.21,0,0,0,0
219,"Minnesota Timberwolves",10,0.488,2014,2,0.11,3.3,13.15,0,0,0,0
250,"Minnesota Timberwolves",12,0.378,2013,0,-0.016,1.7,12.69,0,0,0,0
279,"Minnesota Timberwolves",12,0.394,2012,3,0.187,-15.2,11.63,0,0,0,0
312,"Minnesota Timberwolves",15,0.207,2011,0,0.024,8,13.21,0,1,0,0
342,"Minnesota Timberwolves",15,0.183,2010,-4,-0.11,4.9,12.08,0,0,0,0
368,"Minnesota Timberwolves",11,0.293,2009,2,0.025,5.4,11.64,0,0,0,0
398,"Minnesota Timberwolves",13,0.268,2008,0,-0.122,-0.1,13.6,0,0,0,0
428,"Minnesota Timberwolves",13,0.39,2007,1,-0.012,0.2,11.3,0,0,0,0
654,"Minnesota Timberwolves",8,0.5,1999,-1,-0.049,6.7,13.59,0,0,0,0
682,"Minnesota Timberwolves",7,0.549,1998,-1,0.061,-14.3,9.99,0,0,0,0
709,"Minnesota Timberwolves",6,0.488,1997,6,0.171,-1.7,13.06,0,0,0,0
771,"Minnesota Timberwolves",12,0.256,1995,0,0.012,-2.2,11.5,0,0,0,0
853,"Minnesota Timberwolves",13,0.183,1992,-2,-0.171,-8.6,10.51,0,0,0,0
878,"Minnesota Timberwolves",11,0.354,1991,2,0.086,7.4,13.11,0,0,0,0
825,"Minnesota Timberwolves",12,0.232,1993,1,0.049,6.1,12.34,0,0,0,0
798,"Minnesota Timberwolves",12,0.244,1994,0,0.012,1.8,11.06,0,0,0,0
744,"Minnesota Timberwolves",12,0.317,1996,0,0.061,5,14.22,0,0,0,0
623,"Minnesota Timberwolves",6,0.61,2000,2,0.11,-4.9,12.43,0,0,0,0
596,"Minnesota Timberwolves",8,0.573,2001,-2,-0.037,5.4,12.85,0,0,0,0
565,"Minnesota Timberwolves",5,0.61,2002,3,0.037,8.4,14.34,0,0,0,0
536,"Minnesota Timberwolves",4,0.622,2003,1,0.012,4.1,12.34,0,0,0,0
504,"Minnesota Timberwolves",1,0.707,2004,3,0.085,6.9,13.84,0,0,0,0
483,"Minnesota Timberwolves",9,0.537,2005,-8,-0.17,-6.7,11.33,0,0,0,0
458,"Minnesota Timberwolves",14,0.402,2006,-5,-0.135,4.5,11.63,0,0,0,0
11,"New Orleans Pelicans",11,0.431,2021,2,0.014,-1.2,13.95,0,0,0,0
43,"New Orleans Pelicans",13,0.417,2020,0,0.015,-35.1,9.2,0,1,0,0
73,"New Orleans Pelicans",13,0.402,2019,-7,-0.183,-5,12.9,0,0,0,0
96,"New Orleans Pelicans",6,0.585,2018,4,0.17,2,12.61,0,0,0,0
130,"New Orleans Pelicans",10,0.415,2017,2,0.049,-5.1,10.76,0,0,0,0
162,"New Orleans Pelicans",12,0.366,2016,-4,-0.183,4.7,12.83,0,0,0,0
188,"New Orleans Pelicans",8,0.549,2015,4,0.134,-2.1,12.03,0,0,0,0
19,"New York Knicks",4,0.569,2021,8,0.251,-20,8.56,0,1,0,1
57,"New York Knicks",12,0.318,2020,3,0.111,-10.8,10.91,0,0,0,0
90,"New York Knicks",15,0.207,2019,-4,-0.147,3.2,12.41,0,0,0,0
116,"New York Knicks",11,0.354,2018,1,-0.024,2.9,12.79,0,0,0,0
147,"New York Knicks",12,0.378,2017,1,-0.012,-41.1,10.98,0,0,0,0
178,"New York Knicks",13,0.39,2016,2,0.183,7.5,13.5,0,0,0,0
209,"New York Knicks",15,0.207,2015,-6,-0.244,2.2,16.12,0,0,0,0
232,"New York Knicks",9,0.451,2014,-7,-0.208,7.6,13.01,0,0,0,0
255,"New York Knicks",2,0.659,2013,5,0.114,0,13.2,0,0,1,0
289,"New York Knicks",7,0.545,2012,-1,0.033,-5.7,13.01,1,0,0,0
318,"New York Knicks",6,0.512,2011,5,0.158,-4.3,12.78,0,0,0,0
353,"New York Knicks",11,0.354,2010,3,-0.036,-1.2,12.71,0,0,0,0
385,"New York Knicks",14,0.39,2009,0,0.11,-1.9,12.41,0,0,0,0
414,"New York Knicks",14,0.28,2008,-2,-0.122,-12.6,12.35,0,0,0,0
586,"New York Knicks",13,0.366,2002,-9,-0.219,6.4,12.66,0,0,0,0
606,"New York Knicks",4,0.585,2001,-1,-0.025,0.8,11.02,0,0,0,0
634,"New York Knicks",3,0.61,2000,5,0.07,0.9,11.48,0,0,0,0
668,"New York Knicks",8,0.54,1999,-1,0.016,-5,10.01,0,0,0,0
775,"New York Knicks",3,0.671,1995,-1,-0.024,7.9,13.84,0,0,1,0
889,"New York Knicks",8,0.476,1991,-3,-0.073,-9,10.43,0,0,0,0
912,"New York Knicks",5,0.549,1990,-3,-0.085,5.1,12.56,0,0,0,0
933,"New York Knicks",2,0.634,1989,6,0.171,-4.9,11.27,0,0,0,0
962,"New York Knicks",8,0.463,1988,3,0.17,4.7,13.78,0,0,0,0
988,"New York Knicks",11,0.293,1987,0,0.013,-1.7,9.58,0,0,0,0
1010,"New York Knicks",11,0.28,1986,-1,-0.013,4.1,11.76,0,0,0,0
1049,"New York Knicks",5,0.573,1984,0,0.036,4.1,12.09,0,0,0,0
1100,"New York Knicks",10,0.402,1982,-6,-0.208,5.4,13.42,0,0,0,0
442,"New York Knicks",12,0.402,2007,3,0.122,4.3,13.96,0,0,0,0
474,"New York Knicks",15,0.28,2006,-3,-0.122,1.5,12.17,0,0,0,0
501,"New York Knicks",12,0.402,2005,-5,-0.074,2,11.67,0,0,0,0
524,"New York Knicks",7,0.476,2004,3,0.025,-6.5,14.37,0,0,0,0
555,"New York Knicks",10,0.451,2003,3,0.085,-6.6,13.57,0,0,0,0
696,"New York Knicks",7,0.524,1998,-4,-0.171,3.9,13.52,0,0,0,0
720,"New York Knicks",3,0.695,1997,2,0.122,6.1,13.26,0,0,1,0
750,"New York Knicks",5,0.573,1996,-2,-0.098,6.4,12.78,0,0,0,0
801,"New York Knicks",2,0.695,1994,-1,-0.037,-5.4,10.62,0,0,0,0
827,"New York Knicks",1,0.732,1993,3,0.11,0.6,13.56,0,0,0,1
857,"New York Knicks",4,0.622,1992,4,0.146,8.7,12.9,0,0,0,0
1031,"New York Knicks",10,0.293,1985,-5,-0.28,-5.4,11.36,0,0,0,0
1072,"New York Knicks",5,0.537,1983,5,0.135,6.1,12.95,0,0,0,0
14,"Oklahoma City Thunder",14,0.306,2021,-9,-0.305,11.09,-0.8,0,0,0,0
35,"Oklahoma City Thunder",5,0.611,2020,1,0.013,12.5,1,0,0,0,0
66,"Oklahoma City Thunder",6,0.598,2019,-2,0.013,10.29,-7.7,0,0,0,0
94,"Oklahoma City Thunder",4,0.585,2018,2,0.012,6.13,-38.1,0,0,0,0
126,"Oklahoma City Thunder",6,0.573,2017,-3,-0.098,12.44,-5,0,0,0,0
153,"Oklahoma City Thunder",3,0.671,2016,6,0.122,12.39,5.4,0,0,0,0
189,"Oklahoma City Thunder",9,0.549,2015,-7,-0.171,13.14,6,0,0,0,0
211,"Oklahoma City Thunder",2,0.72,2014,-1,-0.012,12.01,-11,0,0,0,0
239,"Oklahoma City Thunder",1,0.732,2013,1,0.02,9.87,-16.5,0,0,0,0
269,"Oklahoma City Thunder",2,0.712,2012,2,0.041,13.37,7,0,0,1,0
301,"Oklahoma City Thunder",4,0.671,2011,4,0.061,12.96,3.1,0,0,0,0
335,"Oklahoma City Thunder",8,0.61,2010,5,0.33,11.74,1.7,0,0,0,1
14,"Oklahoma City Thunder",14,0.306,2021,-9,-0.305,13.32,6.8,0,0,0,0
35,"Oklahoma City Thunder",5,0.611,2020,1,0.013,12.67,4,0,0,0,0
66,"Oklahoma City Thunder",6,0.598,2019,-2,0.013,12.16,-12.7,0,0,0,0
94,"Oklahoma City Thunder",4,0.585,2018,2,0.012,13.05,-15.8,0,0,0,0
126,"Oklahoma City Thunder",6,0.573,2017,-3,-0.098,9.05,-7.3,0,0,0,0
153,"Oklahoma City Thunder",3,0.671,2016,6,0.122,12.89,0.3,0,0,0,0
189,"Oklahoma City Thunder",9,0.549,2015,-7,-0.171,13.17,1.6,0,0,0,0
211,"Oklahoma City Thunder",2,0.72,2014,-1,-0.012,11.79,3.6,0,0,0,0
239,"Oklahoma City Thunder",1,0.732,2013,1,0.02,13.18,2.5,0,0,0,0
269,"Oklahoma City Thunder",2,0.712,2012,2,0.041,12.1,-6.1,0,0,1,0
301,"Oklahoma City Thunder",4,0.671,2011,4,0.061,13.16,3.8,0,0,0,0
335,"Oklahoma City Thunder",8,0.61,2010,5,0.33,12.42,-13.6,0,0,0,1
29,"Orlando Magic",14,0.292,2021,-6,-0.16,0.5,10.61,0,0,0,0
53,"Orlando Magic",8,0.452,2020,-1,-0.06,1.3,12.21,0,0,0,0
82,"Orlando Magic",7,0.512,2019,7,0.207,3.7,12.04,0,0,0,0
119,"Orlando Magic",14,0.305,2018,-1,-0.049,1.2,14.31,0,0,0,0
148,"Orlando Magic",13,0.354,2017,-2,-0.073,1.1,12.3,0,0,0,0
176,"Orlando Magic",11,0.427,2016,2,0.122,-9.2,10.44,0,0,0,0
207,"Orlando Magic",13,0.305,2015,0,0.025,-4.8,12.56,0,0,0,0
236,"Orlando Magic",13,0.28,2014,2,0.036,5.9,12.16,0,0,0,0
267,"Orlando Magic",15,0.244,2013,-9,-0.317,5.8,11.82,0,0,0,0
288,"Orlando Magic",6,0.561,2012,-2,-0.073,3.4,12.22,0,1,0,0
316,"Orlando Magic",4,0.634,2011,-2,-0.086,-4.8,11.34,1,0,0,0
344,"Orlando Magic",2,0.72,2010,1,0,3.3,12.31,1,0,0,0
374,"Orlando Magic",3,0.72,2009,0,0.086,11.9,15.41,1,0,0,0
403,"Orlando Magic",3,0.634,2008,5,0.146,2.8,13.34,0,1,0,0
438,"Orlando Magic",8,0.488,2007,2,0.049,3.2,13.24,0,0,0,0
499,"Orlando Magic",10,0.439,2005,5,0.183,5.1,13.42,0,0,0,0
578,"Orlando Magic",5,0.537,2002,2,0.013,2.9,12.82,0,0,0,0
640,"Orlando Magic",9,0.5,2000,-6,-0.16,5.1,12.14,0,0,0,1
663,"Orlando Magic",3,0.66,1999,7,0.16,-3.9,14.12,0,1,1,0
724,"Orlando Magic",7,0.549,1997,-5,-0.183,-5.1,11.98,0,0,0,0
747,"Orlando Magic",2,0.732,1996,-1,0.037,1.9,11.89,0,0,0,0
773,"Orlando Magic",1,0.695,1995,3,0.085,3.6,14.39,0,0,0,0
803,"Orlando Magic",4,0.61,1994,5,0.11,-6.2,15.03,0,0,0,0
867,"Orlando Magic",14,0.256,1992,-5,-0.122,3.2,13.09,0,0,0,0
876,"Orlando Magic",9,0.378,1991,3,0.158,-4.6,11.38,0,1,0,0
469,"Orlando Magic",10,0.439,2006,0,0,6.4,13.27,0,0,0,0
532,"Orlando Magic",15,0.256,2004,-7,-0.256,4.4,12.11,0,0,0,0
553,"Orlando Magic",8,0.512,2003,-3,-0.025,0.5,11.96,0,0,0,0
609,"Orlando Magic",7,0.524,2001,2,0.024,-3.2,12.19,0,1,0,0
698,"Orlando Magic",10,0.5,1998,-3,-0.049,-15.2,8.22,0,0,0,0
835,"Orlando Magic",9,0.5,1993,5,0.244,-7.9,11.68,0,0,0,0
528,"Philadelphia 76ers",11,0.402,2004,-7,-0.183,5.9,12.7,0,0,0,0
550,"Philadelphia 76ers",4,0.585,2003,2,0.061,7.3,12.9,0,0,0,0
603,"Philadelphia 76ers",1,0.683,2001,3,0.085,-1.6,11.26,1,0,1,1
635,"Philadelphia 76ers",4,0.598,2000,2,0.038,-0.6,12.48,0,0,0,0
666,"Philadelphia 76ers",6,0.56,1999,8,0.182,3,13.39,0,0,0,0
702,"Philadelphia 76ers",14,0.378,1998,0,0.11,-14.9,9.77,0,0,0,0
731,"Philadelphia 76ers",14,0.268,1997,1,0.048,5.2,14.45,0,0,0,0
810,"Philadelphia 76ers",11,0.305,1994,2,-0.012,-12.5,8.93,0,0,0,0
938,"Philadelphia 76ers",7,0.561,1989,3,0.122,-20.4,9.9,0,0,0,0
964,"Philadelphia 76ers",10,0.439,1988,-5,-0.11,6.4,13.93,0,0,0,0
1024,"Philadelphia 76ers",3,0.707,1985,0,0.073,-32.2,8.38,0,0,0,0
1068,"Philadelphia 76ers",1,0.793,1983,2,0.086,-19.5,9.4,0,0,1,0
1093,"Philadelphia 76ers",3,0.707,1982,0,-0.049,3.9,13.11,0,0,0,0
496,"Philadelphia 76ers",7,0.524,2005,4,0.122,0,11.42,0,0,0,0
468,"Philadelphia 76ers",9,0.463,2006,-2,-0.061,-1.8,12.96,0,0,0,0
579,"Philadelphia 76ers",6,0.524,2002,-5,-0.159,1.5,12.16,0,0,0,0
759,"Philadelphia 76ers",15,0.22,1996,-2,-0.073,5.1,12.63,0,0,0,0
785,"Philadelphia 76ers",13,0.293,1995,-2,-0.012,-0.5,11.3,0,1,0,0
839,"Philadelphia 76ers",13,0.317,1993,-3,-0.11,-3.9,11.42,0,0,0,0
863,"Philadelphia 76ers",10,0.427,1992,-5,-0.11,6.9,13.52,0,0,0,0
886,"Philadelphia 76ers",5,0.537,1991,-3,-0.109,2.7,11.14,0,0,0,0
909,"Philadelphia 76ers",2,0.646,1990,5,0.085,-5,11.16,0,0,0,0
982,"Philadelphia 76ers",5,0.549,1987,-2,-0.11,6.7,11.89,0,0,0,0
1002,"Philadelphia 76ers",3,0.659,1986,0,-0.048,6.5,12.77,0,0,0,0
1047,"Philadelphia 76ers",3,0.634,1984,-2,-0.159,3.1,12.89,0,0,0,0
16,"Philadelphia 76ers",1,0.681,2021,5,0.092,-7.4,12.89,0,0,0,0
51,"Philadelphia 76ers",6,0.589,2020,-3,-0.033,-12,11.76,0,0,0,0
78,"Philadelphia 76ers",3,0.622,2019,0,-0.012,-2,12.76,0,0,0,0
108,"Philadelphia 76ers",3,0.634,2018,11,0.293,4.5,13.77,0,0,0,0
149,"Philadelphia 76ers",14,0.341,2017,1,0.219,-9.4,11.02,0,0,0,0
180,"Philadelphia 76ers",15,0.122,2016,-1,-0.098,3,13.39,0,0,0,0
208,"Philadelphia 76ers",14,0.22,2015,0,-0.012,0.8,11.8,0,0,0,0
237,"Philadelphia 76ers",14,0.232,2014,-5,-0.183,-19.7,9.83,0,0,0,0
261,"Philadelphia 76ers",9,0.415,2013,-1,-0.115,-23,9.9,0,0,0,0
290,"Philadelphia 76ers",8,0.53,2012,-1,0.03,-6.4,10.74,0,0,0,0
319,"Philadelphia 76ers",7,0.5,2011,6,0.171,0.1,11.66,0,0,0,0
355,"Philadelphia 76ers",13,0.329,2010,-7,-0.171,0.1,11.27,0,0,0,0
377,"Philadelphia 76ers",6,0.5,2009,1,0.012,0.4,12.82,0,0,0,0
407,"Philadelphia 76ers",7,0.488,2008,3,0.061,6.3,13.83,0,0,0,0
440,"Philadelphia 76ers",10,0.427,2007,-1,-0.036,6.7,12.65,0,0,0,0
2,"Phoenix Suns",2,0.708,2021,8,0.242,-3.3,12.2,0,0,0,0
40,"Phoenix Suns",10,0.466,2020,5,0.234,4.2,13.61,0,0,0,0
75,"Phoenix Suns",15,0.232,2019,0,-0.024,-5.3,11.85,0,0,0,0
105,"Phoenix Suns",15,0.256,2018,0,-0.037,0.7,10.76,0,0,0,0
135,"Phoenix Suns",15,0.293,2017,-1,0.013,4.8,12.79,0,0,0,0
164,"Phoenix Suns",14,0.28,2016,-4,-0.196,-3.4,12.17,0,0,0,0
190,"Phoenix Suns",10,0.476,2015,-1,-0.109,-3.3,11.77,0,0,0,0
218,"Phoenix Suns",9,0.585,2014,6,0.28,-11.4,9.81,0,1,0,0
253,"Phoenix Suns",15,0.305,2013,-5,-0.195,7.3,13.46,0,0,0,0
277,"Phoenix Suns",10,0.5,2012,0,0.012,5.6,12.04,0,0,0,0
307,"Phoenix Suns",10,0.488,2011,-7,-0.171,8.4,14.21,0,0,0,0
330,"Phoenix Suns",3,0.659,2010,6,0.098,-9.1,12.58,0,0,0,0
366,"Phoenix Suns",9,0.561,2009,-3,-0.11,1.4,13.25,0,0,0,0
391,"Phoenix Suns",6,0.671,2008,-4,-0.073,-26,10.92,0,0,0,0
417,"Phoenix Suns",2,0.744,2007,0,0.085,6.2,14.06,0,0,1,0
475,"Phoenix Suns",1,0.756,2005,12,0.402,0.6,14.7,0,0,0,1
516,"Phoenix Suns",13,0.354,2004,-5,-0.183,4.3,13.63,0,0,0,0
540,"Phoenix Suns",8,0.537,2003,2,0.098,-14.8,10.69,0,0,0,0
570,"Phoenix Suns",10,0.439,2002,-4,-0.183,-2.2,11.47,0,0,0,0
652,"Phoenix Suns",6,0.54,1999,-2,-0.143,4.3,12.76,0,0,0,0
710,"Phoenix Suns",7,0.488,1997,0,-0.012,8.6,14.89,0,0,0,0
739,"Phoenix Suns",7,0.5,1996,-5,-0.22,1.2,12.62,0,0,0,0
789,"Phoenix Suns",3,0.683,1994,-2,-0.073,0.3,14.61,0,0,0,0
814,"Phoenix Suns",1,0.756,1993,3,0.11,-0.7,13.15,0,0,0,0
871,"Phoenix Suns",4,0.671,1991,1,0.012,10.6,14.72,0,0,0,0
922,"Phoenix Suns",3,0.671,1989,6,0.33,-6.5,12.24,0,1,1,1
996,"Phoenix Suns",9,0.39,1986,-1,-0.049,7.2,13.16,0,0,0,0
1058,"Phoenix Suns",3,0.646,1983,2,0.085,4.5,13.61,0,0,0,0
1083,"Phoenix Suns",5,0.561,1982,-4,-0.134,6.8,13.09,0,0,0,0
447,"Phoenix Suns",2,0.659,2006,-1,-0.097,3.2,13.21,0,1,0,0
594,"Phoenix Suns",6,0.622,2001,-1,-0.024,-2.2,11.85,0,0,0,0
622,"Phoenix Suns",5,0.646,2000,1,0.106,5.8,12.42,0,0,1,0
679,"Phoenix Suns",4,0.683,1998,3,0.195,2.7,13.22,0,0,1,0
761,"Phoenix Suns",2,0.72,1995,1,0.037,-0.6,13.71,0,0,0,0
844,"Phoenix Suns",4,0.646,1992,0,-0.025,4.6,14.15,0,0,0,0
899,"Phoenix Suns",5,0.659,1990,-2,-0.012,8.6,18.51,0,0,0,0
951,"Phoenix Suns",9,0.341,1988,0,-0.098,-20.3,10.2,0,0,0,0
974,"Phoenix Suns",9,0.439,1987,0,0.049,4.3,12.54,0,0,0,0
1018,"Phoenix Suns",8,0.439,1985,-2,-0.061,-0.3,10.52,0,0,0,0
1038,"Phoenix Suns",6,0.5,1984,-3,-0.146,-2.6,12.09,0,0,0,0
487,"Portland Trail Blazers",13,0.329,2005,-3,-0.171,12.46,6.2,0,0,0,0
513,"Portland Trail Blazers",10,0.5,2004,-4,-0.11,12.68,-0.2,0,1,0,0
595,"Portland Trail Blazers",7,0.61,2001,-4,-0.11,13.63,6.5,0,0,0,0
620,"Portland Trail Blazers",3,0.72,2000,0,0.02,15.44,9.8,0,0,0,0
649,"Portland Trail Blazers",3,0.7,1999,3,0.139,14.06,6.8,0,0,0,1
708,"Portland Trail Blazers",5,0.598,1997,1,0.061,10.06,-15.1,0,0,0,0
738,"Portland Trail Blazers",6,0.537,1996,1,0,12.64,5,0,0,0,0
766,"Portland Trail Blazers",7,0.537,1995,0,-0.036,12.49,6.7,0,0,0,0
793,"Portland Trail Blazers",7,0.573,1994,-3,-0.049,14.31,5.4,0,0,0,0
817,"Portland Trail Blazers",4,0.622,1993,-3,-0.073,12.76,4.9,0,0,1,0
841,"Portland Trail Blazers",1,0.695,1992,0,-0.073,12.79,1.7,0,0,0,0
868,"Portland Trail Blazers",1,0.768,1991,2,0.048,13.48,6,0,0,0,0
927,"Portland Trail Blazers",8,0.476,1989,-4,-0.17,13.69,7.7,0,0,0,0
946,"Portland Trail Blazers",4,0.646,1988,-1,0.048,11.51,-7.6,0,1,0,0
968,"Portland Trail Blazers",3,0.598,1987,3,0.11,11.28,-1,0,0,0,1
994,"Portland Trail Blazers",6,0.488,1986,-1,-0.024,14.52,-0.9,0,0,0,0
1035,"Portland Trail Blazers",3,0.585,1984,2,0.024,14.29,6.9,0,0,0,0
1060,"Portland Trail Blazers",5,0.561,1983,3,0.049,13.98,7.6,0,0,0,0
1086,"Portland Trail Blazers",8,0.512,1982,-4,-0.037,13.24,5,0,0,0,0
6,"Portland Trail Blazers",6,0.583,2021,2,0.11,12.74,3.7,0,0,0,0
38,"Portland Trail Blazers",8,0.473,2020,-5,-0.173,13.47,-0.9,0,0,0,0
63,"Portland Trail Blazers",3,0.646,2019,0,0.048,13.17,6.7,0,0,0,0
93,"Portland Trail Blazers",3,0.598,2018,5,0.098,13.51,1.3,0,0,0,0
128,"Portland Trail Blazers",8,0.5,2017,-3,-0.037,15.12,4.9,0,0,0,0
155,"Portland Trail Blazers",5,0.537,2016,-1,-0.085,13.54,4.9,0,1,0,0
184,"Portland Trail Blazers",4,0.622,2015,1,-0.037,11.86,-2.7,0,0,0,0
214,"Portland Trail Blazers",5,0.659,2014,6,0.257,13.22,8.2,0,0,0,0
249,"Portland Trail Blazers",11,0.402,2013,0,-0.022,12.61,2.1,0,0,0,0
278,"Portland Trail Blazers",11,0.424,2012,-5,-0.161,11.09,2.4,0,0,0,0
303,"Portland Trail Blazers",6,0.585,2011,0,-0.025,14.24,6,0,0,0,0
333,"Portland Trail Blazers",6,0.61,2010,-2,-0.049,10.58,0,0,0,0,0
361,"Portland Trail Blazers",4,0.659,2009,6,0.159,13.3,-11.5,0,0,0,0
395,"Portland Trail Blazers",10,0.5,2008,2,0.11,13.19,-8.4,0,0,0,0
427,"Portland Trail Blazers",12,0.39,2007,3,0.134,12.96,4.7,0,0,0,0
459,"Portland Trail Blazers",15,0.256,2006,-2,-0.073,11.44,0,0,0,0,0
538,"Portland Trail Blazers",6,0.61,2003,0,0.012,11.55,-20.4,0,0,0,0
566,"Portland Trail Blazers",6,0.598,2002,1,-0.012,13.67,-1.7,0,0,0,0
681,"Portland Trail Blazers",6,0.561,1998,-1,-0.037,16.41,-11.7,0,0,0,0
897,"Portland Trail Blazers",3,0.72,1990,5,0.244,14.52,8.3,0,0,0,0
1015,"Portland Trail Blazers",5,0.512,1985,-2,-0.073,13.15,-4.3,0,0,0,0
453,"Sacramento Kings",8,0.537,2006,-2,-0.073,-22.1,10.93,0,0,0,0
591,"Sacramento Kings",3,0.671,2001,5,0.134,6.6,14.06,0,0,0,0
653,"Sacramento Kings",7,0.54,1999,2,0.211,2.6,13.49,0,0,0,0
768,"Sacramento Kings",9,0.476,1995,1,0.135,6.5,13.05,0,0,0,0
796,"Sacramento Kings",10,0.341,1994,1,0.036,-17.3,11.45,0,0,0,0
824,"Sacramento Kings",11,0.305,1993,-1,-0.049,5.4,12.18,0,0,0,0
929,"Sacramento Kings",10,0.329,1989,0,0.036,-8.2,10.44,0,0,0,0
975,"Sacramento Kings",10,0.354,1987,-3,-0.097,2.3,12.77,0,0,0,0
12,"Sacramento Kings",12,0.431,2021,0,0,-13.5,11.34,0,0,0,0
42,"Sacramento Kings",12,0.431,2020,-3,-0.045,-5.9,13.41,0,0,0,0
69,"Sacramento Kings",9,0.476,2019,3,0.147,-0.1,12.56,0,0,0,0
102,"Sacramento Kings",12,0.329,2018,0,-0.061,3.7,12.54,0,0,0,0
132,"Sacramento Kings",12,0.39,2017,-2,-0.012,4.4,12.62,0,0,0,0
160,"Sacramento Kings",10,0.402,2016,3,0.048,8,13.64,0,0,0,0
193,"Sacramento Kings",13,0.354,2015,0,0.013,4.2,12.77,0,0,0,0
221,"Sacramento Kings",13,0.341,2014,0,0,2.4,15.77,0,0,0,0
251,"Sacramento Kings",13,0.341,2013,1,0.008,-8.3,10.78,0,0,0,0
281,"Sacramento Kings",14,0.333,2012,0,0.04,1.9,13.34,0,0,0,0
311,"Sacramento Kings",14,0.293,2011,0,-0.012,8.9,13.55,0,0,0,0
341,"Sacramento Kings",14,0.305,2010,1,0.098,-17.9,10.29,0,0,0,0
371,"Sacramento Kings",15,0.207,2009,-4,-0.256,2.4,12.16,0,0,0,0
396,"Sacramento Kings",11,0.463,2008,0,0.061,-8.3,12.22,0,0,0,0
426,"Sacramento Kings",11,0.402,2007,-3,-0.135,-11.7,9.99,0,0,0,0
480,"Sacramento Kings",6,0.61,2005,-2,-0.061,7.1,13.64,0,0,0,0
507,"Sacramento Kings",4,0.671,2004,-2,-0.049,4.6,14.44,0,0,0,0
534,"Sacramento Kings",2,0.72,2003,-1,-0.024,6.2,14.56,0,0,1,0
561,"Sacramento Kings",1,0.744,2002,2,0.073,-3.7,13.72,0,0,0,0
625,"Sacramento Kings",8,0.537,2000,-1,-0.003,-3.6,13.66,0,0,0,0
684,"Sacramento Kings",9,0.329,1998,0,-0.086,3.1,12.51,0,0,0,0
712,"Sacramento Kings",9,0.415,1997,-1,-0.061,2.1,11.94,0,0,0,0
740,"Sacramento Kings",8,0.476,1996,1,0,-10.5,11.26,0,0,0,0
850,"Sacramento Kings",10,0.354,1992,3,0.049,8.2,13.54,0,0,0,0
880,"Sacramento Kings",13,0.305,1991,-1,0.025,5.3,13.24,0,0,0,0
906,"Sacramento Kings",12,0.28,1990,-2,-0.049,4.1,11.64,0,0,0,0
952,"Sacramento Kings",10,0.293,1988,0,-0.061,5,12.36,0,0,0,0
10,"San Antonio Spurs",10,0.458,2021,1,0.007,-11.4,12.07,0,0,0,0
41,"San Antonio Spurs",11,0.451,2020,-4,-0.134,6.2,13.6,0,0,0,0
67,"San Antonio Spurs",7,0.585,2019,0,0.012,3.2,14.78,0,0,0,0
97,"San Antonio Spurs",7,0.573,2018,-5,-0.171,-0.5,13.59,0,0,0,0
122,"San Antonio Spurs",2,0.744,2017,0,-0.073,3.4,14.34,0,0,0,0
152,"San Antonio Spurs",2,0.817,2016,4,0.146,5.9,13.99,1,0,0,0
186,"San Antonio Spurs",6,0.671,2015,-5,-0.085,10.1,15.84,1,0,0,0
210,"San Antonio Spurs",1,0.756,2014,1,0.049,7.1,14.22,0,0,0,1
240,"San Antonio Spurs",2,0.707,2013,-1,-0.051,-0.5,13.17,0,0,0,0
268,"San Antonio Spurs",1,0.758,2012,0,0.014,8,14.62,0,0,0,1
298,"San Antonio Spurs",1,0.744,2011,6,0.134,-2.9,13.61,0,0,0,0
334,"San Antonio Spurs",7,0.61,2010,-4,-0.049,-5.5,11,0,0,0,0
360,"San Antonio Spurs",3,0.659,2009,0,-0.024,6.5,14.52,0,0,0,0
388,"San Antonio Spurs",3,0.683,2008,0,-0.024,0.4,15.62,0,0,1,0
418,"San Antonio Spurs",3,0.707,2007,-2,-0.061,-2.4,12.29,0,0,0,0
446,"San Antonio Spurs",1,0.768,2006,1,0.048,6.7,14.05,0,0,0,0
476,"San Antonio Spurs",2,0.72,2005,1,0.025,9.1,14.74,0,0,0,0
506,"San Antonio Spurs",3,0.695,2004,-2,-0.037,-3.4,13.58,0,0,0,0
533,"San Antonio Spurs",1,0.732,2003,1,0.025,-4.7,10.95,0,0,0,1
818,"San Antonio Spurs",5,0.598,1993,0,0.025,3.5,15.85,0,0,0,0
845,"San Antonio Spurs",5,0.573,1992,-3,-0.098,3,12.09,1,0,0,0
869,"San Antonio Spurs",2,0.671,1991,0,-0.012,-9.6,12.57,0,0,0,0
896,"San Antonio Spurs",2,0.683,1990,9,0.427,4.5,12.13,0,0,0,0
930,"San Antonio Spurs",11,0.256,1989,-3,-0.122,-1.9,10.91,0,0,0,0
950,"San Antonio Spurs",8,0.378,1988,3,0.037,-38.8,7.35,0,0,0,0
1042,"San Antonio Spurs",10,0.451,1984,-8,-0.195,-11.4,11.94,0,0,0,0
1080,"San Antonio Spurs",2,0.585,1982,0,-0.049,1.7,12.36,0,0,0,0
562,"San Antonio Spurs",2,0.707,2002,-1,0,-8.4,12.03,0,0,0,0
589,"San Antonio Spurs",1,0.707,2001,3,0.061,7.6,13.33,0,0,0,0
621,"San Antonio Spurs",4,0.646,2000,-3,-0.094,8.9,14.19,0,0,0,0
647,"San Antonio Spurs",1,0.74,1999,4,0.057,8.8,13.83,0,0,0,0
680,"San Antonio Spurs",5,0.683,1998,8,0.439,7.4,15.21,0,0,0,0
716,"San Antonio Spurs",13,0.244,1997,-11,-0.476,5.2,12.79,0,0,0,0
734,"San Antonio Spurs",2,0.72,1996,-1,-0.036,-7.1,12.37,0,0,0,0
760,"San Antonio Spurs",1,0.756,1995,3,0.085,4.7,12.98,0,0,0,0
790,"San Antonio Spurs",4,0.671,1994,1,0.073,-2.5,11.5,0,0,0,0
976,"San Antonio Spurs",11,0.341,1987,-3,-0.086,6.1,12.74,0,0,0,0
995,"San Antonio Spurs",8,0.427,1986,-1,-0.073,-2.2,12.14,1,1,0,0
1017,"San Antonio Spurs",7,0.5,1985,3,0.049,-5.1,11.58,0,0,0,0
1057,"San Antonio Spurs",2,0.646,1983,0,0.061,1.6,13.04,0,0,0,0
471,"Toronto Raptors",12,0.329,2006,-1,-0.073,9.9,14.28,0,0,0,0
500,"Toronto Raptors",11,0.402,2005,-1,0,-4.7,11.03,0,0,0,0
580,"Toronto Raptors",7,0.512,2002,-2,-0.061,1.6,12.2,0,0,0,0
607,"Toronto Raptors",5,0.573,2001,1,0.024,5.8,13.75,0,0,0,0
637,"Toronto Raptors",6,0.549,2000,4,0.089,-2.2,12.08,0,0,0,0
670,"Toronto Raptors",10,0.46,1999,5,0.265,2.1,11.51,0,0,0,0
703,"Toronto Raptors",15,0.195,1998,-3,-0.171,-46.6,7.16,0,0,0,0
729,"Toronto Raptors",12,0.366,1997,2,0.11,-7.3,10.82,0,0,0,0
559,"Toronto Raptors",14,0.293,2003,-7,-0.219,1.3,11.67,0,0,0,0
527,"Toronto Raptors",10,0.402,2004,4,0.109,3.3,12.99,0,0,0,0
27,"Toronto Raptors",12,0.375,2021,-10,-0.361,-20,11.69,0,0,0,0
47,"Toronto Raptors",2,0.736,2020,0,0.029,4.3,12.87,0,0,0,1
77,"Toronto Raptors",2,0.707,2019,-1,-0.013,6.7,14.88,0,1,0,0
106,"Toronto Raptors",1,0.72,2018,2,0.098,0.9,13.88,0,0,0,1
138,"Toronto Raptors",3,0.622,2017,-1,-0.061,-0.1,14.63,0,0,0,0
167,"Toronto Raptors",2,0.683,2016,2,0.085,6,14.19,0,0,0,0
199,"Toronto Raptors",4,0.598,2015,-1,0.013,-7.7,13.63,0,0,1,0
226,"Toronto Raptors",3,0.585,2014,7,0.17,-1.8,12.97,0,0,0,0
262,"Toronto Raptors",10,0.415,2013,1,0.067,1.2,11.57,0,0,0,0
293,"Toronto Raptors",11,0.348,2012,3,0.08,6,13.03,0,0,0,0
326,"Toronto Raptors",14,0.268,2011,-5,-0.22,2.7,11.92,0,0,0,0
351,"Toronto Raptors",9,0.488,2010,4,0.086,0.5,12.77,0,0,0,0
384,"Toronto Raptors",13,0.402,2009,-7,-0.098,8.6,14.23,0,0,0,0
406,"Toronto Raptors",6,0.5,2008,-3,-0.073,-7.6,11.24,0,0,0,0
433,"Toronto Raptors",3,0.573,2007,9,0.244,1.1,13.35,0,0,0,1
1,"Utah Jazz",1,0.722,2021,5,0.111,-23.8,11.39,1,0,1,0
36,"Utah Jazz",6,0.611,2020,-1,0.001,6.4,13.47,0,0,0,0
65,"Utah Jazz",5,0.61,2019,0,0.025,-13.7,11.01,1,0,0,0
95,"Utah Jazz",5,0.585,2018,0,-0.037,2.2,13.37,1,0,0,0
125,"Utah Jazz",5,0.622,2017,4,0.134,-8.9,18.68,0,0,0,0
159,"Utah Jazz",9,0.488,2016,2,0.025,8.5,14.49,0,0,0,0
191,"Utah Jazz",11,0.463,2015,4,0.158,1.3,12.44,0,0,0,0
223,"Utah Jazz",15,0.305,2014,-6,-0.219,-41.7,10.42,0,0,0,0
247,"Utah Jazz",9,0.524,2013,-1,-0.021,1.9,10.78,0,0,0,0
275,"Utah Jazz",8,0.545,2012,3,0.069,-4.5,13.59,0,0,0,0
308,"Utah Jazz",11,0.476,2011,-6,-0.17,-7.3,13.05,0,0,0,0
332,"Utah Jazz",5,0.646,2010,3,0.061,5.5,13.25,0,0,0,0
365,"Utah Jazz",8,0.585,2009,-4,-0.074,7.7,14.21,0,0,0,0
389,"Utah Jazz",4,0.659,2008,0,0.037,5.8,13.52,0,0,0,0
419,"Utah Jazz",4,0.622,2007,5,0.122,2,12.77,0,0,0,0
539,"Utah Jazz",7,0.573,2003,1,0.036,5.1,12.41,0,0,0,0
568,"Utah Jazz",8,0.537,2002,-4,-0.109,3.1,13.22,0,0,0,0
619,"Utah Jazz",2,0.671,2000,0,-0.069,4.3,13.42,0,0,0,0
648,"Utah Jazz",2,0.74,1999,-1,-0.016,5.7,12.85,0,0,0,0
676,"Utah Jazz",1,0.756,1998,0,-0.024,-1.9,12.04,0,0,0,0
704,"Utah Jazz",1,0.78,1997,2,0.109,6.9,14.74,0,0,0,0
735,"Utah Jazz",3,0.671,1996,0,-0.061,-9.1,12.92,0,0,0,0
762,"Utah Jazz",3,0.732,1995,2,0.086,4.4,13.04,0,0,0,0
842,"Utah Jazz",2,0.671,1992,3,0.012,4.9,12.79,0,0,0,0
898,"Utah Jazz",4,0.671,1990,-2,0.049,6,12.21,0,0,0,0
993,"Utah Jazz",5,0.512,1986,1,0.012,7.8,13.95,0,0,0,0
1034,"Utah Jazz",2,0.549,1984,8,0.183,1.5,12.18,0,0,0,1
1065,"Utah Jazz",10,0.366,1983,1,0.061,7.6,13.75,0,0,0,0
1089,"Utah Jazz",11,0.305,1982,0,-0.036,5.9,13.55,0,0,0,0
454,"Utah Jazz",9,0.5,2006,5,0.183,-8.3,10.88,0,0,0,0
488,"Utah Jazz",14,0.317,2005,-5,-0.195,5.2,12.45,0,0,0,0
512,"Utah Jazz",9,0.512,2004,-2,-0.061,-1.5,12.06,0,0,0,0
592,"Utah Jazz",4,0.646,2001,-2,-0.025,5.4,12.96,0,0,0,0
791,"Utah Jazz",5,0.646,1994,1,0.073,-3.2,12.97,0,0,0,0
819,"Utah Jazz",6,0.573,1993,-4,-0.098,-17,13.23,0,0,0,0
872,"Utah Jazz",5,0.659,1991,-1,-0.012,1.7,13.2,0,0,0,0
921,"Utah Jazz",2,0.622,1989,3,0.049,-20.2,10.67,1,0,0,0
947,"Utah Jazz",5,0.573,1988,-1,0.036,-24.7,8.46,0,0,0,0
969,"Utah Jazz",4,0.537,1987,1,0.025,-10.6,11.02,0,0,0,0
1016,"Utah Jazz",6,0.5,1985,-4,-0.049,5.1,12.15,1,0,0,0
464,"Washington Wizards",5,0.512,2006,0,-0.037,3.1,12.25,0,0,0,0
494,"Washington Wizards",5,0.549,2005,8,0.244,8.1,12.67,0,0,0,0
530,"Washington Wizards",13,0.305,2004,-4,-0.146,3.1,12.16,0,0,0,0
554,"Washington Wizards",9,0.451,2003,1,0,-13.4,11.29,0,0,0,0
583,"Washington Wizards",10,0.451,2002,4,0.219,8.3,13.51,0,0,0,0
616,"Washington Wizards",14,0.232,2001,-1,-0.122,10.7,14.36,0,0,0,0
644,"Washington Wizards",13,0.354,2000,0,-0.006,8.1,13.47,0,0,0,0
673,"Washington Wizards",13,0.36,1999,-4,-0.152,4.4,13.36,0,0,0,0
23,"Washington Wizards",8,0.472,2021,1,0.125,-20.4,11.72,0,0,0,0
54,"Washington Wizards",9,0.347,2020,2,-0.043,-40.6,10.27,0,0,0,0
86,"Washington Wizards",11,0.39,2019,-3,-0.134,6.1,12.76,0,0,0,0
113,"Washington Wizards",8,0.524,2018,-4,-0.074,-4.5,13.73,0,0,0,0
139,"Washington Wizards",4,0.598,2017,6,0.098,8.8,14.03,0,0,0,0
175,"Washington Wizards",10,0.5,2016,-5,-0.061,1.1,12.05,0,0,0,0
200,"Washington Wizards",5,0.561,2015,0,0.024,5.4,12.88,0,0,0,0
228,"Washington Wizards",5,0.537,2014,7,0.183,-3.6,11.26,0,0,0,0
264,"Washington Wizards",12,0.354,2013,2,0.051,6,12.48,0,0,0,0
296,"Washington Wizards",14,0.303,2012,-1,0.023,0.2,10.95,0,0,0,0
325,"Washington Wizards",13,0.28,2011,1,-0.037,-13.1,11.93,0,0,0,0
356,"Washington Wizards",14,0.317,2010,1,0.085,1.1,11.19,0,0,0,0
386,"Washington Wizards",15,0.232,2009,-10,-0.292,-0.2,12.59,0,0,0,0
405,"Washington Wizards",5,0.524,2008,2,0.024,6.9,13.09,0,0,0,0
437,"Washington Wizards",7,0.5,2007,-2,-0.012,6.6,14.06,0,0,0,0
